archivo,frame,angulo_rodilla_kinovea,angulo_rodilla_mediapipe,angulo_pie_kinovea,angulo_pie_mediapipe,diferencia1,diferencia2
1,0,127.264,136.092,65.634,63.387,-8.828,2.247
1,1,115.353,128.054,78.112,66.642,-12.701,11.47
1,2,101.338,116.094,65.265,66.356,-14.756,-1.091
1,3,92.911,106.944,69.84,60.555,-14.033,9.285
1,4,83.408,95.786,70.88,72.657,-12.378,-1.777
1,5,74.912,88.359,76.692,71.525,-13.447,5.167
1,6,69.762,77.938,88.575,79.138,-8.176,9.437
1,7,69.42,70.914,110.732,90.571,-1.494,20.161
1,8,67.154,67.523,77.096,86.166,-0.369,-9.07
1,9,76.504,74.609,74.948,61.377,1.895,13.571
1,10,104.847,99.841,62.726,57.601,5.006,5.125
1,11,145.611,146.451,71.936,71.491,-0.84,0.445
1,12,170.17,167.439,74.129,79.448,2.731,-5.319
1,13,179.694,179.119,70.504,67.462,0.575,3.042
1,14,177.216,178.421,65.372,54.254,-1.205,11.118
2,0,132.519,144.582,72.488,60.758,-12.063,11.73
2,1,125.477,138.06,83.107,63.567,-12.583,19.54
2,2,118.055,129.753,80.079,75.945,-11.698,4.134
2,3,108.005,119.759,68.186,64.07,-11.754,4.116
2,4,100.446,110.893,74.946,70.8,-10.447,4.146
2,5,90.678,108.212,71.826,74.453,-17.534,-2.627
2,6,82.652,94.131,74.778,82.486,-11.479,-7.708
2,7,73.949,81.231,70.56,95.969,-7.282,-25.409
2,8,65.189,63.097,99.8,89.044,2.092,10.756
2,9,67.14,59.952,80.527,91.672,7.188,-11.145
2,10,74.747,66.143,58.069,79.522,8.604,-21.453
2,11,100.952,97.615,66.927,123.236,3.337,-56.309
2,12,145.187,141.984,70.074,64.957,3.203,5.117
2,13,170.786,169.412,71.911,75.341,1.374,-3.43
2,14,179.356,177.982,71.763,34.341,1.374,37.422
5,0,131.253,149.902,70.825,57.63,-18.649,13.195
5,1,123.609,142.212,75.069,60.856,-18.603,14.213
5,2,113.007,129.817,81.643,69.273,-16.81,12.37
5,3,104.953,118.362,71.8,70.672,-13.409,1.128
5,4,94.149,107.711,74.59,71.855,-13.562,2.735
5,5,87.813,94.868,75.687,77.477,-7.055,-1.79
5,6,78.561,84.835,77.358,92.979,-6.274,-15.621
5,7,72.569,76.92,105.975,90.512,-4.351,15.463
5,8,71.24,72.154,93.088,92.583,-0.914,0.505
5,9,72.644,75.982,77.038,82.409,-3.338,-5.371
5,10,94.861,90.149,60.685,62.007,4.712,-1.322
5,11,133.811,133.103,70.423,61.287,0.708,9.136
5,12,164.836,167.436,76.601,69.874,-2.6,6.727
5,13,178.698,175.646,68.796,68.603,3.052,0.193
5,14,179.398,179.398,77.958,63.463,0.0,14.495
6,0,80.431,93.407,73.139,86.016,-12.976,-12.877
6,1,72.322,83.032,69.097,85.548,-10.71,-16.451
6,2,68.302,73.351,95.34,93.534,-5.049,1.806
6,3,69.209,69.67,88.385,88.534,-0.461,-0.149
6,4,78.118,73.894,82.891,78.011,4.224,4.88
6,5,106.486,98.64,70.59,60.164,7.846,10.426
6,6,146.942,135.48,72.588,69.046,11.462,3.542
6,7,170.147,170.686,85.811,70.099,-0.539,15.712
6,8,179.932,179.056,79.581,67.227,0.876,12.354
6,9,177.035,176.788,66.774,55.412,0.247,11.362
8,0,69.046,77.851,94.458,93.168,-8.805,1.29
8,1,61.383,68.531,83.742,89.301,-7.148,-5.559
8,2,63.144,65.982,81.719,82.671,-2.838,-0.952
8,3,71.87,70.544,66.649,62.314,1.326,4.335
8,4,99.499,118.176,66.28,55.057,-18.677,11.223
8,5,141.093,150.134,76.799,57.745,-9.041,19.054
8,6,173.283,168.993,69.104,71.689,4.29,-2.585
8,7,179.75,179.053,81.412,64.999,0.697,16.413
8,8,179.677,177.644,72.195,54.622,2.033,17.573
9,0,70.986,82.923,86.539,96.588,-11.937,-10.049
9,1,65.181,69.269,94.818,96.214,-4.088,-1.396
9,2,65.13,67.539,88.728,45.15,-2.409,43.578
9,3,75.5,72.818,75.365,79.284,2.682,-3.919
9,4,106.638,103.31,65.403,59.008,3.328,6.395
9,5,147.334,147.958,67.319,60.638,-0.624,6.681
9,6,172.629,164.599,84.237,66.369,8.03,17.868
9,7,175.983,174.406,87.1,37.537,1.577,49.563
9,8,174.485,176.412,79.221,54.265,-1.927,24.956
13,0,64.887,70.812,97.543,78.059,-5.925,19.484
13,1,58.859,60.271,88.672,76.191,-1.412,12.481
13,2,60.325,59.962,76.332,61.846,0.363,14.486
13,3,73.05,80.735,61.007,51.566,-7.685,9.441
13,4,106.348,113.18,60.576,52.561,-6.832,8.015
13,5,144.166,148.384,74.854,76.39,-4.218,-1.536
14,0,70.414,73.432,96.396,80.486,-3.018,15.91
14,1,66.252,65.935,95.257,81.647,0.317,13.61
14,2,67.471,67.183,79.675,66.953,0.288,12.722
14,3,85.537,88.606,63.226,60.22,-3.069,3.006
14,4,121.731,126.118,67.881,58.448,-4.387,9.433
14,5,158.648,148.11,91.487,65.601,10.538,25.886
15,0,66.185,65.749,94.766,86.35,0.436,8.416
15,1,62.803,62.535,80.555,72.244,0.268,8.311
15,2,71.755,73.554,62.015,56.331,-1.799,5.684
15,3,103.004,109.11,71.285,53.859,-6.106,17.426
15,4,138.012,143.521,82.376,60.157,-5.509,22.219
15,5,167.703,166.992,87.686,73.192,0.711,14.494
16,0,72.279,78.628,95.018,85.897,-6.349,9.121
16,1,67.824,68.216,89.673,76.879,-0.392,12.794
16,2,69.938,71.935,73.531,63.375,-1.997,10.156
16,3,88.209,90.009,63.748,57.238,-1.8,6.51
16,4,121.127,105.257,76.418,58.422,15.87,17.996
16,5,159.474,146.8,88.174,48.378,12.674,39.796
16,6,166.696,173.943,96.614,84.309,-7.247,12.305
16,7,178.918,174.749,91.909,153.115,4.169,-61.206
17,0,67.736,74.1,87.738,73.942,-6.364,13.796
17,1,61.831,63.531,76.923,71.309,-1.7,5.614
17,2,64.932,68.1,70.05,63.345,-3.168,6.705
17,3,85.474,91.842,64.018,57.938,-6.368,6.08
17,4,118.422,126.72,70.333,64.577,-8.298,5.756
17,5,151.374,152.739,80.283,55.502,-1.365,24.781
17,6,168.769,167.247,87.554,93.487,1.522,-5.933
18,0,73.107,77.782,88.247,80.854,-4.675,7.393
18,1,69.843,74.758,81.428,66.01,-4.915,15.418
18,2,76.239,82.022,68.795,59.905,-5.783,8.89
18,3,102.478,105.343,70.646,58.174,-2.865,12.472
18,4,136.637,136.128,78.405,62.832,0.509,15.573
18,5,162.377,157.46,103.04,72.15,4.917,30.89
18,6,171.811,172.587,97.061,69.767,-0.776,27.294
19,0,64.165,64.159,99.345,92.292,0.006,7.053
19,1,58.676,59.246,97.134,73.855,-0.57,23.279
19,2,63.723,67.431,70.465,60.139,-3.708,10.326
19,3,86.604,93.964,58.547,58.808,-7.36,-0.261
19,4,118.564,132.455,71.765,61.173,-13.891,10.592
19,5,156.506,162.105,86.795,73.706,-5.599,13.089
19,6,167.624,175.738,108.741,81.069,-8.114,27.672
20,0,66.07,69.996,90.412,80.302,-3.926,10.11
20,1,62.013,62.844,78.582,73.584,-0.831,4.998
20,2,62.554,65.241,67.696,62.823,-2.687,4.873
20,3,83.399,90.634,61.572,52.482,-7.235,9.09
20,4,116.727,127.727,72.243,64.361,-11.0,7.882
20,5,146.887,153.039,82.773,57.833,-6.152,24.94
20,6,162.865,169.302,87.733,93.478,-6.437,-5.745
21,0,59.889,63.947,85.035,77.837,-4.058,7.198
21,1,58.711,62.153,69.191,63.708,-3.442,5.483
21,2,67.319,78.91,48.859,50.16,-11.591,-1.301
21,3,93.749,103.598,62.887,49.485,-9.849,13.402
21,4,127.68,137.605,71.456,62.209,-9.925,9.247
21,5,155.336,161.544,106.266,70.575,-6.208,35.691
21,6,171.449,173.782,113.67,107.12,-2.333,6.55
22,0,68.14,73.971,101.825,79.854,-5.831,21.971
22,1,64.342,68.496,88.108,72.791,-4.154,15.317
22,2,71.601,72.609,76.242,61.777,-1.008,14.465
22,3,93.203,97.758,68.878,62.49,-4.555,6.388
22,4,124.391,132.035,76.622,70.89,-7.644,5.732
22,5,154.976,159.349,93.185,61.403,-4.373,31.782
22,6,165.527,173.378,97.038,103.926,-7.851,-6.888
23,0,66.386,71.171,93.449,86.489,-4.785,6.96
23,1,63.189,67.267,74.232,70.197,-4.078,4.035
23,2,73.544,76.659,67.803,58.24,-3.115,9.563
23,3,100.985,110.897,71.587,56.538,-9.912,15.049
23,4,139.849,141.198,82.048,63.334,-1.349,18.714
23,5,159.947,164.433,106.671,74.975,-4.486,31.696
23,6,173.224,174.91,100.592,79.756,-1.686,20.836
24,0,75.789,75.919,76.871,78.612,-0.13,-1.741
24,1,74.342,68.663,78.044,76.385,5.679,1.659
24,2,82.904,79.031,66.108,59.806,3.873,6.302
24,3,106.37,105.589,56.934,60.059,0.781,-3.125
24,4,139.809,136.221,65.464,74.233,3.588,-8.769
24,5,155.821,155.977,80.791,79.265,-0.156,1.526
24,6,173.057,170.249,74.595,68.605,2.808,5.99
24,7,176.063,178.634,68.702,42.162,-2.571,26.54
25,0,76.014,78.003,80.114,92.337,-1.989,-12.223
25,1,75.193,73.157,85.239,71.088,2.036,14.151
25,2,78.837,78.079,82.979,66.932,0.758,16.047
25,3,99.375,93.723,58.169,57.502,5.652,0.667
25,4,124.735,123.799,71.144,58.42,0.936,12.724
25,5,146.389,144.389,77.707,67.537,2.0,10.17
25,6,163.082,163.469,85.542,73.394,-0.387,12.148
25,7,176.919,171.176,73.142,121.505,5.743,-48.363
25,8,175.512,172.207,62.197,55.032,3.305,7.165
25,9,173.671,167.506,62.631,54.514,6.165,8.117
26,0,76.505,83.06,84.077,90.428,-6.555,-6.351
26,1,68.847,69.589,81.444,75.977,-0.742,5.467
26,2,68.823,65.267,78.517,74.105,3.556,4.412
26,3,78.824,74.353,76.452,60.729,4.471,15.723
26,4,108.475,103.477,56.796,57.83,4.998,-1.034
26,5,136.833,133.877,74.644,75.28,2.956,-0.636
26,6,150.159,152.588,79.753,81.772,-2.429,-2.019
26,7,172.214,171.036,64.977,66.551,1.178,-1.574
27,0,84.929,90.899,72.897,103.947,-5.97,-31.05
27,1,83.304,83.453,99.515,91.706,-0.149,7.809
27,2,83.774,80.722,85.358,80.849,3.052,4.509
27,3,95.87,90.267,74.068,66.73,5.603,7.338
27,4,122.072,114.933,61.077,54.809,7.139,6.268
27,5,148.546,138.521,79.672,73.443,10.025,6.229
27,6,167.559,157.347,74.468,76.446,10.212,-1.978
27,7,171.977,176.533,77.062,72.924,-4.556,4.138
27,8,167.17,176.631,60.117,46.419,-9.461,13.698
27,9,173.513,173.716,61.408,47.147,-0.203,14.261
27,10,177.403,177.05,62.233,55.562,0.353,6.671
28,0,81.914,82.533,87.709,89.721,-0.619,-2.012
28,1,80.48,77.935,83.042,79.618,2.545,3.424
28,2,90.667,87.105,79.128,68.631,3.562,10.497
28,3,117.74,116.939,62.566,56.244,0.801,6.322
28,4,145.181,144.32,74.45,80.623,0.861,-6.173
28,5,159.674,163.651,76.939,103.386,-3.977,-26.447
28,6,177.402,175.849,77.543,139.385,1.553,-61.842
28,7,173.97,168.043,69.634,49.537,5.927,20.097
28,8,170.378,164.31,55.929,57.146,6.068,-1.217
29,0,83.895,90.251,87.67,93.325,-6.356,-5.655
29,1,76.91,76.908,90.964,85.134,0.002,5.83
29,2,77.122,72.66,83.842,83.82,4.462,0.022
29,3,86.089,81.582,74.282,67.861,4.507,6.421
29,4,115.398,108.514,60.901,56.485,6.884,4.416
29,5,144.001,136.986,73.909,78.939,7.015,-5.03
29,6,156.053,153.925,79.228,67.241,2.128,11.987
29,7,172.936,168.712,74.037,76.408,4.224,-2.371
29,8,179.202,174.913,68.277,70.132,4.289,-1.855
31,0,84.569,91.097,80.172,94.707,-6.528,-14.535
31,1,80.585,82.165,88.248,89.557,-1.58,-1.309
31,2,88.152,85.118,90.556,74.495,3.034,16.061
31,3,102.478,98.865,61.641,59.441,3.613,2.2
31,4,130.783,128.179,56.087,64.592,2.604,-8.505
31,5,153.798,147.196,65.375,69.937,6.602,-4.562
31,6,172.696,164.456,71.895,84.68,8.24,-12.785
31,7,177.625,175.344,68.055,68.987,2.281,-0.932
31,8,172.76,179.182,64.863,51.581,-6.422,13.282
32,0,86.913,92.184,83.758,86.562,-5.271,-2.804
32,1,81.022,83.771,86.746,91.437,-2.749,-4.691
32,2,87.223,84.801,86.119,93.661,2.422,-7.542
32,3,93.7,91.05,87.369,71.046,2.65,16.323
32,4,118.77,117.184,70.536,59.419,1.586,11.117
32,5,147.136,143.689,77.998,71.656,3.447,6.342
32,6,159.062,158.296,72.045,79.785,0.766,-7.74
32,7,179.52,175.174,77.294,77.328,4.346,-0.034
32,8,172.708,176.391,66.375,48.008,-3.683,18.367
32,9,174.586,173.113,58.799,40.754,1.473,18.045
32,10,179.489,177.734,62.18,48.826,1.755,13.354
33,0,79.492,83.1,87.218,101.572,-3.608,-14.354
33,1,78.218,78.151,83.802,85.023,0.067,-1.221
33,2,84.672,82.427,68.558,69.331,2.245,-0.773
33,3,104.423,102.412,62.661,57.644,2.011,5.017
33,4,136.005,132.319,70.65,65.179,3.686,5.471
33,5,153.362,151.808,66.671,75.918,1.554,-9.247
33,6,170.943,170.091,76.202,84.309,0.852,-8.107
33,7,179.325,176.491,76.396,92.32,2.834,-15.924
33,8,176.048,173.144,62.569,60.864,2.904,1.705
33,9,178.799,173.851,60.438,55.558,4.948,4.88
33,10,176.769,179.617,55.721,61.277,-2.848,-5.556
34,0,86.005,90.603,82.449,86.646,-4.598,-4.197
34,1,83.709,81.483,90.567,103.456,2.226,-12.889
34,2,83.428,79.186,92.849,87.274,4.242,5.575
34,3,96.264,90.159,69.807,68.245,6.105,1.562
34,4,126.572,115.85,61.719,69.012,10.722,-7.293
34,5,148.57,143.237,80.719,76.443,5.333,4.276
34,6,169.333,160.363,80.387,78.006,8.97,2.381
34,7,176.914,175.358,78.619,81.472,1.556,-2.853
34,8,169.219,178.667,68.65,85.755,-9.448,-17.105
34,9,174.894,175.981,53.958,43.073,-1.087,10.885
34,10,178.388,177.927,60.67,45.814,0.461,14.856
35,0,77.794,83.097,78.221,104.691,-5.303,-26.47
35,1,70.22,70.057,84.492,92.852,0.163,-8.36
35,2,73.159,66.322,84.413,69.4,6.837,15.013
35,3,83.482,80.164,70.233,64.357,3.318,5.876
35,4,113.086,115.701,60.626,62.542,-2.615,-1.916
35,5,144.139,139.43,76.239,66.178,4.709,10.061
35,6,157.863,155.943,68.697,71.714,1.92,-3.017
35,7,179.13,176.383,74.422,102.139,2.747,-27.717
36,0,86.905,93.915,86.975,95.732,-7.01,-8.757
36,1,79.7,84.193,92.141,98.375,-4.493,-6.234
36,2,81.426,83.901,92.355,74.911,-2.475,17.444
36,3,93.063,97.571,75.261,63.495,-4.508,11.766
36,4,125.947,126.295,64.36,56.996,-0.348,7.364
36,5,144.879,148.195,61.806,74.084,-3.316,-12.278
36,6,163.851,161.32,69.666,72.956,2.531,-3.29
36,7,178.454,176.397,76.646,76.197,2.057,0.449
36,8,176.544,177.17,66.711,88.113,-0.626,-21.402
36,9,176.125,178.886,64.32,41.345,-2.761,22.975
36,10,178.028,177.752,68.338,38.235,0.276,30.103
37,0,89.955,99.814,95.285,97.071,-9.859,-1.786
37,1,88.694,87.276,99.104,88.223,1.418,10.881
37,2,90.561,89.996,107.953,66.513,0.565,41.44
37,3,107.049,104.8,68.455,62.336,2.249,6.119
37,4,131.949,129.742,75.606,65.641,2.207,9.965
37,5,154.828,151.942,68.436,66.766,2.886,1.67
37,6,173.933,171.338,73.499,84.294,2.595,-10.795
37,7,171.523,174.971,57.556,50.15,-3.448,7.406
37,8,165.797,167.983,62.475,56.072,-2.186,6.403
37,9,167.92,169.302,69.252,58.577,-1.382,10.675
37,10,176.186,174.819,59.098,56.532,1.367,2.566
38,0,97.546,104.198,100.603,56.398,-6.652,44.205
38,1,89.815,91.47,81.218,93.36,-1.655,-12.142
38,2,95.552,93.891,77.924,71.932,1.661,5.992
38,3,113.388,111.821,67.08,58.238,1.567,8.842
38,4,143.065,138.529,64.332,59.246,4.536,5.086
38,5,162.551,160.698,74.927,80.811,1.853,-5.884
38,6,176.828,172.247,75.383,79.087,4.581,-3.704
38,7,175.251,176.53,72.641,60.803,-1.279,11.838
38,8,174.013,178.117,57.178,53.686,-4.104,3.492
38,9,177.641,179.848,63.595,52.534,-2.207,11.061
39,0,85.147,88.84,75.989,75.125,-3.693,0.864
39,1,77.67,78.616,61.797,65.465,-0.946,-3.668
39,2,80.289,74.874,58.251,65.743,5.415,-7.492
39,3,94.906,99.383,57.563,34.331,-4.477,23.232
39,4,115.836,125.558,63.476,57.435,-9.722,6.041
39,5,151.357,147.061,86.444,50.233,4.296,36.211
39,6,161.589,163.345,88.146,84.602,-1.756,3.544
40,0,80.474,87.672,66.32,64.248,-7.198,2.072
40,1,75.583,75.402,56.148,57.207,0.181,-1.059
40,2,82.998,79.428,56.699,58.66,3.57,-1.961
40,3,103.509,107.9,58.775,44.408,-4.391,14.367
40,4,139.816,135.284,67.138,65.663,4.532,1.475
40,5,149.995,152.237,94.204,75.247,-2.242,18.957
40,6,163.843,163.904,91.059,86.759,-0.061,4.3
41,1,80.638,82.328,58.468,59.325,-1.69,-0.857
41,2,85.077,81.724,56.832,59.32,3.353,-2.488
41,3,101.909,112.875,57.353,46.586,-10.966,10.767
41,4,130.686,135.075,78.652,38.313,-4.389,40.339
41,5,148.642,146.058,106.034,74.672,2.584,31.362
41,6,166.316,163.691,95.401,79.675,2.625,15.726
42,0,83.587,86.336,63.46,59.802,-2.749,3.658
42,1,81.233,77.623,62.195,55.137,3.61,7.058
42,2,89.842,82.715,63.028,136.536,7.127,-73.508
42,3,111.915,100.465,74.585,97.572,11.45,-22.987
42,4,144.031,146.319,83.882,73.209,-2.288,10.673
43,0,80.482,85.245,57.853,64.452,-4.763,-6.599
43,1,73.131,75.382,69.514,49.25,-2.251,20.264
43,2,72.905,68.628,60.773,55.945,4.277,4.828
43,3,84.533,105.825,62.297,55.001,-21.292,7.296
43,4,110.137,140.096,63.825,71.315,-29.959,-7.49
43,5,138.256,143.643,77.686,71.17,-5.387,6.516
43,6,152.309,144.549,87.928,74.424,7.76,13.504
43,7,164.144,164.553,85.138,120.12,-0.409,-34.982
43,8,170.353,168.94,80.771,64.897,1.413,15.874
45,0,82.394,89.507,60.398,50.16,-7.113,10.238
45,1,79.648,78.739,62.348,49.634,0.909,12.714
45,2,82.341,80.253,49.826,49.34,2.088,0.486
45,3,98.68,94.18,55.334,49.62,4.5,5.714
45,4,120.952,129.624,64.884,63.867,-8.672,1.017
45,5,143.347,152.266,94.307,81.409,-8.919,12.898
45,6,158.982,166.888,89.51,92.38,-7.906,-2.87
45,7,166.339,173.437,88.519,85.055,-7.098,3.464
46,0,74.535,81.033,63.417,57.943,-6.498,5.474
46,1,74.329,72.536,60.068,47.525,1.793,12.543
46,2,79.981,74.952,55.463,47.957,5.029,7.506
46,3,102.245,101.443,52.141,47.71,0.802,4.431
46,4,127.893,140.661,56.37,59.4,-12.768,-3.03
46,5,151.299,162.247,76.901,84.999,-10.948,-8.098
46,6,160.27,169.854,81.767,98.081,-9.584,-16.314
46,7,171.208,167.168,68.967,83.517,4.04,-14.55
46,8,177.456,167.983,69.966,78.114,9.473,-8.148
46,9,176.174,167.006,59.9,62.396,9.168,-2.496
47,0,85.405,87.831,62.967,57.943,-2.426,5.024
47,1,87.456,85.717,58.027,46.638,1.739,11.389
47,2,99.528,93.546,72.368,45.227,5.982,27.141
47,3,124.707,128.949,79.208,55.004,-4.242,24.204
47,4,149.313,153.54,96.282,62.179,-4.227,34.103
47,5,158.13,167.373,73.053,97.373,-9.243,-24.32
47,6,167.095,172.367,78.525,82.885,-5.272,-4.36
47,7,176.239,175.296,64.301,54.29,0.943,10.011
48,0,90.136,94.663,62.376,56.75,-4.527,5.626
48,1,81.822,83.68,63.526,56.683,-1.858,6.843
48,2,85.863,85.735,58.831,50.377,0.128,8.454
48,3,97.972,98.943,59.826,44.258,-0.971,15.568
48,4,121.473,127.058,58.345,61.35,-5.585,-3.005
48,5,143.399,150.083,78.231,68.212,-6.684,10.019
48,6,157.481,165.183,88.852,115.199,-7.702,-26.347
48,7,172.579,174.651,75.073,89.913,-2.072,-14.84
48,8,179.096,175.193,79.549,67.866,3.903,11.683
48,9,174.595,168.19,63.811,61.409,6.405,2.402
48,10,176.91,167.606,65.598,62.469,9.304,3.129
49,0,88.475,91.128,106.829,93.356,-2.653,13.473
49,1,84.378,91.128,116.326,93.356,-6.75,22.97
49,2,82.709,82.625,93.807,87.543,0.084,6.264
49,3,91.129,94.902,96.375,80.368,-3.773,16.007
49,4,112.964,119.385,89.352,56.476,-6.421,32.876
49,5,148.975,141.34,77.855,58.343,7.635,19.512
49,6,169.481,163.684,89.516,74.441,5.797,15.075
49,7,173.347,176.931,100.672,100.763,-3.584,-0.091
49,8,171.906,169.624,119.465,78.124,2.282,41.341
49,9,175.906,168.611,123.018,85.193,7.295,37.825
49,10,178.878,172.214,109.654,89.957,6.664,19.697
49,11,176.257,176.084,80.977,71.515,0.173,9.462
50,1,87.092,96.858,108.854,97.644,-9.766,11.21
50,2,85.232,87.152,101.942,94.311,-1.92,7.631
50,3,94.126,97.05,90.416,82.62,-2.924,7.796
50,4,113.708,118.947,93.437,59.089,-5.239,34.348
50,5,143.228,151.555,83.049,64.759,-8.327,18.29
50,6,165.929,162.581,84.661,76.62,3.348,8.041
50,7,176.861,178.683,88.094,98.359,-1.822,-10.265
50,8,175.636,179.263,109.063,58.901,-3.627,50.162
50,9,176.84,173.925,91.504,54.584,2.915,36.92
50,10,178.451,170.513,88.193,56.665,7.938,31.528
50,11,175.948,172.007,71.834,49.241,3.941,22.593
50,12,175.888,179.538,53.645,48.866,-3.65,4.779
50,13,172.605,174.14,48.312,47.399,-1.535,0.913
50,14,167.284,169.4,46.412,49.462,-2.116,-3.05
50,15,158.514,158.61,45.356,52.794,-0.096,-7.438
51,0,92.894,106.324,90.794,101.587,-13.43,-10.793
51,1,89.663,103.369,105.389,79.167,-13.706,26.222
51,2,91.7,100.7,106.186,83.837,-9.0,22.349
51,3,94.75,100.369,98.409,79.124,-5.619,19.285
51,4,108.421,116.011,91.49,74.495,-7.59,16.995
51,5,134.345,141.171,80.672,64.07,-6.826,16.602
51,6,155.39,161.391,68.663,63.737,-6.001,4.926
51,7,171.82,175.271,65.485,88.406,-3.451,-22.921
51,8,179.94,178.037,80.071,70.835,1.903,9.236
51,9,179.366,175.84,70.672,54.257,3.526,16.415
51,10,174.272,175.62,66.122,52.696,-1.348,13.426
51,11,167.713,177.043,57.611,48.962,-9.33,8.649
51,12,165.995,172.923,57.595,50.888,-6.928,6.707
52,0,91.945,100.923,100.199,95.473,-8.978,4.726
52,1,93.738,95.931,103.431,91.254,-2.193,12.177
52,2,91.006,93.5,89.745,85.251,-2.494,4.494
52,3,106.481,112.876,82.279,75.874,-6.395,6.405
52,4,129.051,128.804,76.147,57.104,0.247,19.043
52,5,154.21,147.277,61.428,70.862,6.933,-9.434
52,6,166.742,165.659,92.071,90.123,1.083,1.948
52,7,177.55,177.0,91.764,136.754,0.55,-44.99
52,8,171.481,175.905,93.074,100.875,-4.424,-7.801
52,9,174.709,172.895,81.367,63.024,1.814,18.343
52,10,179.571,173.706,88.409,58.542,5.865,29.867
53,0,94.956,99.142,96.114,94.898,-4.186,1.216
53,1,102.593,101.761,94.819,92.678,0.832,2.141
53,2,110.635,115.226,88.187,72.398,-4.591,15.789
53,3,132.29,140.13,97.729,62.843,-7.84,34.886
53,4,159.102,157.155,84.487,76.632,1.947,7.855
53,5,176.871,172.992,66.89,137.292,3.879,-70.402
53,6,173.911,178.041,69.816,41.882,-4.13,27.934
53,7,175.2,169.635,82.701,73.083,5.565,9.618
53,8,179.223,176.695,71.259,70.879,2.528,0.38
53,9,176.042,172.84,92.865,77.772,3.202,15.093
54,0,96.417,108.458,93.914,86.368,-12.041,7.546
54,1,93.146,100.591,96.565,83.821,-7.445,12.744
54,2,92.088,99.031,94.665,82.911,-6.943,11.754
54,3,100.004,105.009,85.923,86.906,-5.005,-0.983
54,4,117.101,123.446,76.852,59.289,-6.345,17.563
54,5,141.775,149.496,102.909,73.101,-7.721,29.808
54,6,163.558,157.771,82.387,63.163,5.787,19.224
54,7,174.949,173.323,81.066,106.845,1.626,-25.779
54,8,175.406,177.57,98.341,75.508,-2.164,22.833
54,9,176.111,172.603,91.647,68.28,3.508,23.367
54,10,179.383,170.586,91.694,62.203,8.797,29.491
55,0,90.133,97.417,86.227,88.313,-7.284,-2.086
55,1,87.013,98.735,88.388,78.181,-11.722,10.207
55,2,91.692,96.311,97.467,82.305,-4.619,15.162
55,3,94.61,102.88,93.215,84.783,-8.27,8.432
55,4,114.135,118.23,100.416,59.678,-4.095,40.738
55,5,144.518,150.672,91.706,69.772,-6.154,21.934
55,6,162.034,158.732,99.507,58.599,3.302,40.908
55,7,179.787,179.031,80.586,92.309,0.756,-11.723
55,8,178.826,173.713,89.082,72.304,5.113,16.778
55,9,177.133,171.68,70.655,48.879,5.453,21.776
56,0,106.72,108.955,91.42,86.813,-2.235,4.607
56,1,111.238,115.126,116.208,97.304,-3.888,18.904
56,2,123.289,121.389,104.584,84.933,1.9,19.651
56,3,139.393,141.197,102.259,65.611,-1.804,36.648
56,4,159.189,160.471,86.495,77.92,-1.282,8.575
56,5,175.148,165.493,53.185,137.868,9.655,-84.683
56,6,176.057,175.831,78.185,66.998,0.226,11.187
56,7,171.716,169.168,112.875,107.932,2.548,4.943
56,8,175.799,175.733,101.439,92.235,0.066,9.204
57,0,97.673,106.069,75.754,89.087,-8.396,-13.333
57,1,102.599,105.113,98.13,86.313,-2.514,11.817
57,2,100.583,103.546,107.736,87.947,-2.963,19.789
57,3,111.387,113.329,83.698,96.309,-1.942,-12.611
57,4,123.82,129.867,92.454,56.903,-6.047,35.551
57,5,148.558,152.25,92.461,69.261,-3.692,23.2
57,6,169.214,167.022,75.491,108.143,2.192,-32.652
57,7,173.886,177.667,79.785,92.748,-3.781,-12.963
57,8,176.109,171.396,93.348,55.795,4.713,37.553
58,0,81.811,91.122,88.607,69.033,-9.311,19.574
58,1,78.267,85.999,95.519,85.289,-7.732,10.23
58,2,81.478,83.158,89.973,91.083,-1.68,-1.11
58,3,86.69,87.298,81.284,73.49,-0.608,7.794
58,4,104.186,106.797,85.884,70.627,-2.611,15.257
58,5,133.224,140.753,81.801,58.597,-7.529,23.204
58,6,157.156,156.674,92.618,59.223,0.482,33.395
58,7,172.737,173.849,96.215,82.898,-1.112,13.317
58,8,177.567,174.128,89.016,85.509,3.439,3.507
58,9,178.376,177.757,72.239,48.737,0.619,23.502
58,10,179.188,174.084,66.357,50.9,5.104,15.457
58,11,176.431,177.154,68.725,51.96,-0.723,16.765
58,12,174.081,173.595,65.395,56.674,0.486,8.721
58,13,172.324,174.788,64.054,63.082,-2.464,0.972
58,14,169.499,172.614,67.044,55.267,-3.115,11.777
58,15,165.398,170.787,64.527,55.489,-5.389,9.038
58,16,161.961,167.465,56.675,56.653,-5.504,0.022
58,17,163.367,166.017,55.903,54.794,-2.65,1.109
58,18,161.378,165.273,57.746,55.798,-3.895,1.948
58,19,159.029,164.158,62.849,55.228,-5.129,7.621
59,0,90.478,96.984,88.112,90.113,-6.506,-2.001
59,1,92.778,93.577,99.774,82.42,-0.799,17.354
59,2,93.543,90.007,99.011,91.906,3.536,7.105
59,3,106.358,103.357,85.48,84.682,3.001,0.798
59,4,127.122,128.036,86.404,56.831,-0.914,29.573
59,5,153.225,153.525,97.562,72.556,-0.3,25.006
59,6,175.446,168.434,71.644,81.808,7.012,-10.164
59,7,173.014,179.305,82.705,79.477,-6.291,3.228
59,8,174.577,176.566,79.712,53.159,-1.989,26.553
59,9,179.033,173.018,84.126,57.894,6.015,26.232
59,10,176.869,177.439,77.407,61.448,-0.57,15.959
59,11,174.074,174.201,65.82,51.64,-0.127,14.18
59,12,171.814,174.426,55.974,49.709,-2.612,6.265
59,13,169.274,174.316,42.925,51.979,-5.042,-9.054
59,14,165.84,171.099,43.908,49.196,-5.259,-5.288
59,15,163.243,169.057,45.0,45.559,-5.814,-0.559
60,0,94.228,99.937,80.397,93.551,-5.709,-13.154
60,1,96.398,98.846,100.042,92.658,-2.448,7.384
60,2,93.601,92.233,103.456,89.806,1.368,13.65
60,3,95.918,97.583,91.598,81.467,-1.665,10.131
60,4,112.118,115.212,87.443,66.518,-3.094,20.925
60,5,145.957,145.868,89.469,65.523,0.089,23.946
60,6,165.337,158.265,83.01,67.709,7.072,15.301
60,7,177.628,175.462,71.555,74.143,2.166,-2.588
60,8,174.524,175.406,78.114,160.862,-0.882,-82.748
60,9,175.692,174.518,96.913,67.352,1.174,29.561
60,10,179.231,173.757,96.959,63.815,5.474,33.144
60,11,176.951,174.826,80.153,62.801,2.125,17.352
62,0,79.828,83.313,78.234,62.798,-3.485,15.436
62,1,72.911,75.689,77.953,66.179,-2.778,11.774
62,2,78.164,80.157,65.865,61.413,-1.993,4.452
62,3,89.886,97.709,71.318,60.291,-7.823,11.027
62,4,109.102,109.739,60.333,59.125,-0.637,1.208
62,5,137.501,136.297,59.068,65.906,1.204,-6.838
62,6,162.643,155.705,61.444,76.177,6.938,-14.733
62,7,174.87,176.574,71.255,76.225,-1.704,-4.97
63,0,78.27,89.413,74.228,64.177,-11.143,10.051
63,1,79.547,82.071,78.672,70.511,-2.524,8.161
63,2,82.581,83.434,81.043,69.222,-0.853,11.821
63,3,92.602,96.561,69.721,59.176,-3.959,10.545
63,4,114.639,115.757,60.866,62.4,-1.118,-1.534
63,5,135.434,138.031,77.371,58.91,-2.597,18.461
63,6,153.623,159.41,72.173,80.641,-5.787,-8.468
63,7,173.619,172.992,82.435,73.176,0.627,9.259
64,0,79.454,83.193,78.762,71.394,-3.739,7.368
64,1,75.03,75.782,83.653,64.782,-0.752,18.871
64,2,79.182,80.517,73.371,54.28,-1.335,19.091
64,3,98.607,96.991,67.479,58.819,1.616,8.66
64,4,122.261,122.166,69.43,63.401,0.095,6.029
64,5,142.142,146.262,76.668,63.734,-4.12,12.934
64,6,165.672,165.359,76.485,79.865,0.313,-3.38
65,0,72.893,83.284,74.325,62.201,-10.391,12.124
65,1,77.842,79.232,63.674,60.837,-1.39,2.837
65,2,86.827,87.082,66.378,51.639,-0.255,14.739
65,3,104.488,104.495,66.429,62.051,-0.007,4.378
65,4,125.124,129.548,68.564,58.08,-4.424,10.484
65,5,142.955,144.04,62.642,56.403,-1.085,6.239
65,6,156.438,160.6,77.437,77.444,-4.162,-0.007
65,7,169.063,165.088,78.595,62.935,3.975,15.66
66,0,63.441,72.112,81.991,82.865,-8.671,-0.874
66,1,66.296,67.814,82.214,67.017,-1.518,15.197
66,2,71.806,70.472,66.636,59.715,1.334,6.921
66,3,83.748,86.641,66.903,55.978,-2.893,10.925
66,4,110.419,117.806,73.449,52.362,-7.387,21.087
66,5,136.329,138.777,71.529,72.567,-2.448,-1.038
66,6,156.835,164.272,87.112,73.862,-7.437,13.25
68,0,55.748,68.676,78.581,81.467,-12.928,-2.886
68,1,55.149,65.593,84.389,73.318,-10.444,11.071
68,2,63.673,65.841,85.567,61.943,-2.168,23.624
68,3,78.014,76.881,71.564,68.165,1.133,3.399
68,4,94.095,94.669,88.331,65.794,-0.574,22.537
68,5,113.392,119.813,69.403,62.318,-6.421,7.085
68,6,131.39,140.948,138.612,49.282,-9.558,89.33
68,7,152.095,164.355,86.116,75.968,-12.26,10.148
70,1,70.517,73.673,77.375,73.337,-3.156,4.038
70,2,78.26,78.125,89.931,59.742,0.135,30.189
70,3,87.017,90.203,75.785,61.683,-3.186,14.102
70,4,105.517,106.272,67.358,58.268,-0.755,9.09
70,5,125.515,133.64,74.535,67.989,-8.125,6.546
70,6,143.767,152.62,76.545,65.479,-8.853,11.066
70,7,164.241,174.069,76.514,70.801,-9.828,5.713
71,0,61.154,66.459,71.655,78.282,-5.305,-6.627
71,1,53.537,61.614,80.734,79.677,-8.077,1.057
71,2,56.722,60.675,80.744,74.766,-3.953,5.978
71,3,60.274,65.927,80.729,56.615,-5.653,24.114
71,4,72.401,82.794,75.099,48.853,-10.393,26.246
71,5,97.634,106.866,74.653,54.664,-9.232,19.989
71,6,128.108,132.188,72.366,67.202,-4.08,5.164
71,7,150.161,164.745,84.082,69.389,-14.584,14.693
71,8,163.467,179.359,117.104,74.851,-15.892,42.253
72,0,57.297,66.228,79.815,72.476,-8.931,7.339
72,1,59.551,64.051,79.529,66.966,-4.5,12.563
72,2,66.939,66.857,70.145,61.843,0.082,8.302
72,3,81.911,81.857,69.483,62.559,0.054,6.924
72,4,101.486,104.289,73.238,58.075,-2.803,15.163
72,5,127.733,136.862,70.954,61.326,-9.129,9.628
72,6,154.17,154.43,108.808,70.852,-0.26,37.956
72,7,171.684,175.664,84.12,67.288,-3.98,16.832
73,0,76.741,75.944,63.743,63.274,0.797,0.469
73,1,73.68,72.786,63.998,66.891,0.894,-2.893
73,2,74.109,72.846,49.237,52.526,1.263,-3.289
73,3,76.502,78.318,47.611,45.0,-1.816,2.611
73,4,87.194,89.992,54.939,45.951,-2.798,8.988
73,5,102.611,112.148,53.786,48.839,-9.537,4.947
73,6,119.041,126.596,59.582,38.831,-7.555,20.751
73,7,132.254,137.425,71.839,56.475,-5.171,15.364
74,0,59.64,63.059,70.941,67.699,-3.419,3.242
74,1,52.668,56.25,62.91,69.254,-3.582,-6.344
74,2,46.844,51.985,69.249,58.23,-5.141,11.019
74,3,47.795,50.901,59.172,43.767,-3.106,15.405
74,4,52.777,57.604,47.937,48.09,-4.827,-0.153
74,5,67.621,71.472,54.96,42.934,-3.851,12.026
74,6,89.467,100.734,52.351,39.394,-11.267,12.957
74,7,104.005,117.419,64.183,55.343,-13.414,8.84
74,8,121.06,133.398,71.942,52.07,-12.338,19.872
78,1,43.936,49.652,68.917,55.515,-5.716,13.402
78,2,41.794,47.621,61.13,10.895,-5.827,50.235
78,3,42.923,46.652,67.42,44.272,-3.729,23.148
78,4,51.401,52.747,48.069,43.86,-1.346,4.209
78,5,60.933,65.03,60.514,49.456,-4.097,11.058
78,6,79.06,83.364,58.792,37.974,-4.304,20.818
78,7,99.61,106.156,65.529,44.395,-6.546,21.134
78,8,113.396,109.298,56.107,49.025,4.098,7.082
78,9,124.963,126.761,73.788,50.337,-1.798,23.451
83,0,60.624,67.164,54.913,108.53,-6.54,-53.617
83,1,61.051,63.925,65.39,67.426,-2.874,-2.036
83,2,61.352,63.631,63.11,41.839,-2.279,21.271
83,3,69.801,72.919,59.582,46.961,-3.118,12.621
83,4,82.444,84.359,54.453,51.552,-1.915,2.901
83,5,95.059,99.434,57.119,57.909,-4.375,-0.79
83,6,108.522,115.174,60.988,40.506,-6.652,20.482
83,7,118.576,126.986,71.702,56.681,-8.41,15.021
83,8,128.984,134.729,79.774,64.17,-5.745,15.604
84,0,43.002,48.464,70.05,80.397,-5.462,-10.347
84,1,38.455,43.144,66.635,70.727,-4.689,-4.092
84,2,35.672,38.714,68.389,62.252,-3.042,6.137
84,3,41.256,41.578,53.501,51.812,-0.322,1.689
84,4,51.908,55.826,62.776,56.24,-3.918,6.536
84,5,65.754,72.157,65.214,49.102,-6.403,16.112
84,6,88.098,96.528,91.024,57.404,-8.43,33.62
84,7,102.488,112.571,69.187,39.858,-10.083,29.329
85,0,93.461,94.039,60.072,66.03,-0.578,-5.958
85,1,98.392,92.431,52.395,59.804,5.961,-7.409
85,2,111.752,105.783,54.879,55.284,5.969,-0.405
85,3,135.924,131.414,63.038,62.784,4.51,0.254
85,4,151.595,148.453,61.786,66.829,3.142,-5.043
85,5,171.634,169.387,63.627,78.354,2.247,-14.727
85,6,175.886,173.227,76.154,55.073,2.659,21.081
85,7,172.081,169.549,70.229,56.136,2.532,14.093
86,0,95.499,94.857,51.619,79.936,0.642,-28.317
86,1,95.699,90.028,55.599,68.371,5.671,-12.772
86,2,108.495,100.561,58.078,55.992,7.934,2.086
86,3,132.09,129.499,47.032,55.122,2.591,-8.09
86,4,149.166,146.027,56.56,68.339,3.139,-11.779
86,5,168.815,166.292,73.544,79.199,2.523,-5.655
86,6,177.997,175.011,67.739,56.878,2.986,10.861
86,7,176.668,169.584,76.292,61.797,7.084,14.495
87,0,96.208,95.796,62.795,57.08,0.412,5.715
87,1,102.122,97.046,54.436,55.794,5.076,-1.358
87,2,120.385,113.199,51.1,55.812,7.186,-4.712
87,3,143.825,144.134,53.221,66.078,-0.309,-12.857
87,4,160.853,145.446,62.194,72.764,15.407,-10.57
87,5,173.137,176.753,69.648,59.968,-3.616,9.68
87,6,179.874,179.03,72.59,62.394,0.844,10.196
88,0,91.206,90.138,60.221,92.779,1.068,-32.558
88,1,91.663,87.07,59.786,67.556,4.593,-7.77
88,2,101.748,96.006,54.916,59.663,5.742,-4.747
88,3,123.882,121.083,47.709,55.382,2.799,-7.673
88,4,147.466,144.771,64.311,64.347,2.695,-0.036
88,5,168.847,140.304,69.889,70.198,28.543,-0.309
88,6,179.729,178.193,88.619,51.727,1.536,36.892
88,7,176.49,169.428,86.094,59.929,7.062,26.165
89,0,99.585,105.028,51.561,59.835,-5.443,-8.274
89,1,114.35,105.028,65.43,59.835,9.322,5.595
89,2,138.126,135.667,60.779,73.102,2.459,-12.323
89,3,155.821,142.198,75.775,53.824,13.623,21.951
89,4,172.084,170.437,65.836,53.068,1.647,12.768
89,5,179.908,179.477,72.763,60.135,0.431,12.628
90,0,89.125,87.974,63.435,66.996,1.151,-3.561
90,1,91.012,83.349,60.416,56.854,7.663,3.562
90,2,105.219,96.776,54.17,60.78,8.443,-6.61
90,3,131.438,136.066,66.309,63.115,-4.628,3.194
90,4,156.215,150.466,68.451,67.174,5.749,1.277
90,5,173.065,172.455,74.959,82.833,0.61,-7.874
90,6,177.82,176.291,78.326,61.254,1.529,17.072
91,0,95.6,98.738,55.669,66.955,-3.138,-11.286
91,1,107.434,101.269,61.472,54.771,6.165,6.701
91,2,132.673,128.491,48.383,51.033,4.182,-2.65
91,3,151.244,151.819,62.338,68.672,-0.575,-6.334
91,4,170.93,167.465,67.907,106.77,3.465,-38.863
91,5,179.267,175.321,79.053,60.466,3.946,18.587
91,6,170.021,173.876,68.936,60.652,-3.855,8.284
91,7,171.031,171.39,73.646,60.953,-0.359,12.693
92,0,88.95,86.855,73.975,64.555,2.095,9.42
92,1,91.011,85.525,55.932,66.879,5.486,-10.947
92,2,109.47,99.795,69.525,58.11,9.675,11.415
92,3,135.086,137.375,67.453,64.88,-2.289,2.573
92,4,158.051,150.341,64.402,66.649,7.71,-2.247
92,5,173.123,168.511,80.765,92.936,4.612,-12.171
92,6,176.178,174.942,77.636,59.049,1.236,18.587
92,7,174.981,171.07,67.034,61.511,3.911,5.523
93,0,88.714,85.852,62.461,70.044,2.862,-7.583
93,1,93.007,82.907,62.486,65.197,10.1,-2.711
93,2,109.713,102.072,65.601,59.693,7.641,5.908
93,3,137.794,138.427,56.992,66.098,-0.633,-9.106
93,4,159.335,152.352,72.582,67.806,6.983,4.776
93,5,174.497,168.382,83.642,79.756,6.115,3.886
94,0,91.807,95.087,71.139,71.582,-3.28,-0.443
94,1,87.644,83.884,68.703,83.35,3.76,-14.647
94,2,94.234,88.374,67.1,67.683,5.86,-0.583
94,3,115.173,107.678,59.694,67.005,7.495,-7.311
94,4,141.49,143.062,53.622,69.861,-1.572,-16.239
94,5,161.156,158.671,75.927,97.903,2.485,-21.976
94,6,178.595,178.534,70.771,72.26,0.061,-1.489
94,7,172.04,166.936,69.239,54.376,5.104,14.863
94,8,169.848,169.806,64.387,54.592,0.042,9.795
95,0,92.125,89.836,62.136,64.332,2.289,-2.196
95,1,96.56,89.836,59.24,64.332,6.724,-5.092
95,2,113.814,102.542,58.859,61.805,11.272,-2.946
95,3,138.658,136.483,63.882,70.475,2.175,-6.593
95,4,159.883,150.226,58.509,73.887,9.657,-15.378
95,5,173.129,170.706,71.952,97.221,2.423,-25.269
95,6,175.914,172.339,78.14,56.249,3.575,21.891
95,7,173.001,173.058,68.104,60.501,-0.057,7.603
96,0,92.714,92.352,57.226,61.84,0.362,-4.614
96,1,103.024,98.36,64.291,64.248,4.664,0.043
96,2,129.972,124.468,51.948,56.785,5.504,-4.837
96,3,152.11,149.956,65.669,69.704,2.154,-4.035
96,4,169.439,166.723,72.436,83.095,2.716,-10.659
96,5,179.83,177.288,70.531,56.422,2.542,14.109
96,6,174.298,174.316,79.0,63.831,-0.018,15.169
97,0,87.881,82.097,63.268,70.038,5.784,-6.77
97,1,93.445,86.892,58.169,57.144,6.553,1.025
97,2,115.639,114.514,52.555,49.208,1.125,3.347
97,3,146.343,140.507,80.762,64.771,5.836,15.991
97,4,162.193,164.132,77.296,70.291,-1.939,7.005
97,5,177.413,175.501,90.373,48.194,1.912,42.179
97,6,175.399,174.388,78.343,55.704,1.011,22.639
98,0,90.295,88.318,64.027,71.263,1.977,-7.236
98,1,96.92,88.678,57.352,66.115,8.242,-8.763
98,2,119.408,112.219,54.968,63.71,7.189,-8.742
98,3,148.657,147.794,60.799,67.285,0.863,-6.486
98,4,165.518,163.29,73.459,91.545,2.228,-18.086
98,5,178.679,179.179,77.636,42.37,-0.5,35.266
98,6,173.18,173.249,80.362,56.873,-0.069,23.489
99,0,90.452,89.614,72.746,76.168,0.838,-3.422
99,1,86.473,83.201,60.757,67.688,3.272,-6.931
99,2,96.501,88.952,51.89,61.395,7.549,-9.505
99,3,118.724,113.318,58.889,54.963,5.406,3.926
99,4,147.114,144.257,65.476,70.748,2.857,-5.272
99,5,165.992,162.112,69.408,97.194,3.88,-27.786
99,6,177.72,177.428,76.746,67.796,0.292,8.95
99,7,175.499,171.504,71.827,62.075,3.995,9.752
