archivo,frame,angulo_rodilla_kinovea,angulo_rodilla_mediapipe,diferencia1,angulo_pie_kinovea,angulo_pie_mediapipe,diferencia2
1,0,127.26440773093688,136.0915184663001,-8.827110735,65.63364905473446,63.386862177573406,2.246786877
1,1,115.35266294281459,128.0537403702042,-12.70107743,78.11167487209303,66.64224868640686,11.46942619
1,2,101.3375045429032,116.0936120081966,-14.75610747,65.26480203809862,66.35623315,-1.091431113
1,3,92.91080641759167,106.94411022243442,-14.0333038,69.83957471526568,60.55476769313595,9.284807022
1,4,83.40835039234187,95.78567524186366,-12.37732485,70.88007786817424,72.65734840879988,-1.777270541
1,5,74.91188566819326,88.35898373803452,-13.44709807,76.69240950063381,71.52549406261525,5.166915438
1,6,69.76187759458509,77.93825601525728,-8.176378421,88.57530547,79.13824353944229,9.437061928
1,7,69.41969048656253,70.91404257965968,-1.494352093,110.73163449442117,90.57089486420851,20.16073963
1,8,67.15415243,67.52338311439723,-0.369230682,77.09593371021037,86.16606234604338,-9.070128636
1,9,76.50371761048748,74.60906690905844,1.894650701,74.94760265755964,61.377054195829835,13.57054846
1,10,104.84682016904964,99.84070643728963,5.006113732,62.72598832,57.60141311113504,5.124575214
1,11,145.6109848624625,146.45134679600778,-0.840361934,71.93576369193816,71.49057179181901,0.4451919
1,12,170.16979357184513,167.43928306001584,2.730510512,74.12936055978636,79.44768390455116,-5.318323345
1,13,179.69379030392892,179.11872539191722,0.575064912,70.50430601669203,67.46166702661607,3.04263899
1,14,177.21589464884718,178.42071661714994,-1.204821968,65.37243696283703,54.25419031328127,11.11824665
2,0,132.51942204445123,144.58155465311845,-12.06213261,72.48753198198702,60.75780809394213,11.72972389
2,1,125.47655264638338,138.06017187343457,-12.58361923,83.10736995333549,63.56741794332553,19.53995201
2,2,118.05450349272243,129.75313728168152,-11.69863379,80.07944815895569,75.94511256882096,4.13433559
2,3,108.0047675032492,119.75865609002757,-11.75388859,68.18607534797178,64.06999649455871,4.116078853
2,4,100.44628905426525,110.8931510778895,-10.44686202,74.94646229995662,70.79990812506351,4.146554175
2,5,90.67823562,108.21168693582298,-17.53345132,71.82566831,74.45274952723514,-2.627081217
2,6,82.65193125269816,94.13131525206313,-11.479384,74.77785061566541,82.48596452573585,-7.70811391
2,7,73.94868952090782,81.23082567107454,-7.28213615,70.55996517,95.96876870651319,-25.40880353
2,8,65.18933577472221,63.09694883670511,2.092386938,99.79955390596682,89.04447138,10.75508253
2,9,67.14010527,59.952217016457794,7.187888255,80.52719766749097,91.67211361749465,-11.14491595
2,10,74.74704647620968,66.14272194324072,8.604324533,58.06866630656758,79.52186670558095,-21.4532004
2,11,100.95173170185281,97.61475663196289,3.33697507,66.92664937,123.23590384150732,-56.30925447
2,12,145.18730778327745,141.98423934116013,3.203068442,70.07408150009893,64.95683251081769,5.117248989
2,13,170.78594789513488,169.41183488120592,1.374113014,71.91103070199988,75.34057072,-3.429540023
2,14,179.35570377330535,177.98154514920964,1.374158624,71.76277105349551,34.34105972,37.42171133
5,0,131.25308135977173,149.90232939333876,-18.64924803,70.82451388165163,57.62956744486045,13.19494644
5,1,123.60888166719589,142.2122598969237,-18.60337823,75.06901729,60.85640532016159,14.21261197
5,2,113.00667353987541,129.8172481656144,-16.81057463,81.64264711359314,69.27265135920665,12.36999575
5,3,104.95251000384255,118.36201049944721,-13.4095005,71.80030897185607,70.67191952780499,1.128389444
5,4,94.14898767503973,107.71126789413357,-13.56228022,74.58955606732708,71.85521798277748,2.734338085
5,5,87.81322468149885,94.86753592,-7.054311241,75.68699836386689,77.47675558105858,-1.789757217
5,6,78.56132720298322,84.83497942997398,-6.273652227,77.35784767211015,92.97902810721517,-15.62118044
5,7,72.56949880060787,76.92045765920773,-4.350958859,105.97535446882054,90.51232115676983,15.46303331
5,8,71.24000253915295,72.15420223798672,-0.914199699,93.08835353,92.58297350308412,0.505380023
5,9,72.64441221,75.98243727467438,-3.338025069,77.03796064120446,82.40927728737717,-5.371316646
5,10,94.86140278367958,90.14940478,4.711998001,60.685072858245874,62.00696250493197,-1.321889647
5,11,133.8112196613251,133.10306113567037,0.708158526,70.42257988033109,61.28661038515826,9.135969495
5,12,164.8362400338159,167.43573515581687,-2.599495122,76.60074991091533,69.87354401443285,6.727205896
5,13,178.69814997273795,175.6461645,3.051985429,68.79561832031156,68.60297466,0.192643662
5,14,179.39834643331625,179.39756249871857,0.000783935,77.95839792888353,63.46256701,14.49583092
6,0,80.43055655029659,93.40748402382275,-12.97692747,73.13902394021574,86.01622662223673,-12.87720268
6,1,72.32207376479161,83.03195219759233,-10.70987843,69.09706197,85.54783081995039,-16.45076885
6,2,68.30230937192071,73.35111033645134,-5.048800965,95.33955328183407,93.53396600892503,1.805587273
6,3,69.20939632778826,69.66960111492213,-0.460204787,88.38452709984155,88.53411709692263,-0.149589997
6,4,78.11792713373522,73.89408569,4.223841442,82.89107285724567,78.01064959983098,4.880423257
6,5,106.4862076335769,98.63984213338186,7.8463655,70.58971395304383,60.163769286960616,10.42594467
6,6,146.94224344400277,135.47976867462683,11.46247477,72.58800338143104,69.04554764467036,3.542455737
6,7,170.14737374476948,170.68552041634533,-0.538146672,85.81084868021007,70.09888917099804,15.71195951
6,8,179.93225183914612,179.05572134636571,0.876530493,79.58126327429477,67.22725425,12.35400902
6,9,177.03538229510508,176.78794076141506,0.247441534,66.77391245077953,55.41178654471675,11.36212591
8,0,69.04555714111434,77.85063844292705,-8.805081302,94.45783689396234,93.16834690452875,1.289489989
8,1,61.383000898014224,68.53054659103877,-7.147545693,83.74152667632464,89.30059735,-5.559070678
8,2,63.143605852874536,65.98211585,-2.838510001,81.71911055759246,82.67066722314368,-0.951556666
8,3,71.86983374211233,70.54419969169227,1.32563405,66.64858057932516,62.313535504672544,4.335045075
8,4,99.49894925389485,118.17637898217735,-18.67742973,66.27969336872718,55.05743242595266,11.22226094
8,5,141.0926277261655,150.13380042045824,-9.041172694,76.79918753183347,57.745091090699255,19.05409644
8,6,173.28318982172357,168.9933748292307,4.289814992,69.10394563161127,71.68856409312124,-2.584618462
8,7,179.74955946435395,179.0526237710916,0.696935693,81.41173285183169,64.99944337306769,16.41228948
8,8,179.6772038013833,177.64358841722972,2.033615384,72.19463218,54.62208517496608,17.57254701
9,0,70.98620267380784,82.92295112043354,-11.93674845,86.53913367387895,96.58774235,-10.04860868
9,1,65.18131385090774,69.26878293165494,-4.087469081,94.81798584423132,96.21438914415512,-1.3964033
9,2,65.12992381191577,67.53914439057927,-2.409220579,88.72839658135564,45.150468372746666,43.57792821
9,3,75.50014092245765,72.81759275436721,2.682548168,75.36528779063366,79.28392840594323,-3.918640615
9,4,106.63764851779678,103.31036025950633,3.327288258,65.40324065234059,59.00760071975409,6.395639933
9,5,147.33402308599025,147.95849642819863,-0.624473342,67.31891777104306,60.63843270491433,6.680485066
9,6,172.62901077164497,164.59855314451687,8.030457627,84.2365909,66.36888786671561,17.86770303
9,7,175.9831227950838,174.40623895190345,1.576883843,87.10017934479606,37.53659003499075,49.56358931
9,8,174.48539108141665,176.41225072407514,-1.926859643,79.22123001728029,54.265125887960735,24.95610413
13,0,64.88679186536962,70.8115538,-5.92476193,97.54290591,78.05865649041338,19.48424942
13,1,58.85911852726714,60.27072303998853,-1.411604513,88.67151261068024,76.19086792285273,12.48064469
13,2,60.32519667256886,59.96160312904861,0.363593544,76.33181621903788,61.84605806503173,14.48575815
13,3,73.05000270912456,80.73475525,-7.684752539,61.00726036151653,51.56599230382699,9.441268058
13,4,106.34764036352962,113.18038514712713,-6.832744784,60.576192054510564,52.561279259293286,8.014912795
13,5,144.1662362402108,148.3835209,-4.217284676,74.85408619352859,76.38966838868113,-1.535582195
14,0,70.41363608582533,73.43173431379579,-3.018098228,96.39625542,80.48632705666041,15.90992836
14,1,66.25182205967137,65.93490602,0.316916038,95.25670871296852,81.64732764304948,13.60938107
14,2,67.47097544109491,67.18349355218785,0.287481889,79.67463593416161,66.95329230788249,12.72134363
14,3,85.53709442867991,88.60568677,-3.068592345,63.22636036282701,60.21954873,3.006811628
14,4,121.73097381757623,126.11791100308585,-4.386937186,67.88089711699608,58.44790355165929,9.432993565
14,5,158.6482019834488,148.1102915989411,10.53791038,91.48673919256662,65.60081802935599,25.88592116
15,0,66.18506710218712,65.74889114358166,0.436175959,94.76608528852165,86.34950038,8.416584907
15,1,62.803137959636565,62.53462162929866,0.26851633,80.55453602651322,72.24430681683978,8.31022921
15,2,71.75544753146343,73.55391092805763,-1.798463397,62.01511665213596,56.33089976,5.684216887
15,3,103.00354748636767,109.1100349053882,-6.106487419,71.28478318286312,53.859390896473755,17.42539229
15,4,138.0116259365866,143.5213624702224,-5.509736534,82.37581178038934,60.15671173260177,22.21910005
15,5,167.70307135017788,166.99227842973553,0.71079292,87.68639084269238,73.19235468154318,14.49403616
16,0,72.27853052618225,78.62831445,-6.349783926,95.01830225497791,85.89703603904813,9.121266216
16,1,67.82384067477949,68.21579327685492,-0.391952602,89.67276954,76.87929612284752,12.79347342
16,2,69.93788909913607,71.93471625771356,-1.996827159,73.53083747781982,63.37478247596062,10.156055
16,3,88.20873701462907,90.00889338816572,-1.800156374,63.74840094094206,57.23820369749055,6.510197243
16,4,121.12709253889446,105.25666994089647,15.8704226,76.41838955917586,58.421517448242184,17.99687211
16,5,159.4743713113482,146.80008114506475,12.67429017,88.17422722659722,48.37848640640383,39.79574082
16,6,166.6955339767611,173.9434206,-7.247886645,96.61425734417966,84.30917739534539,12.30507995
16,7,178.9177901,174.74933660730062,4.16845348,91.90915243299638,153.1148833862907,-61.20573095
17,0,67.73580065,74.10046626930564,-6.364665615,87.73810317129632,73.94208930513203,13.79601387
17,1,61.83125864686023,63.53130532228267,-1.700046675,76.92323578658818,71.30863356918678,5.614602217
17,2,64.93232768310831,68.09958758988213,-3.167259907,70.05006058405142,63.34540166949961,6.704658915
17,3,85.47351568648804,91.84195771297385,-6.368442026,64.01832872749225,57.93799221860097,6.080336509
17,4,118.4220406179779,126.7200138,-8.297973219,70.33344677129342,64.57727233,5.756174442
17,5,151.37438068609163,152.73913919953844,-1.364758513,80.28254534062532,55.5018311,24.78071424
17,6,168.76895678258995,167.24674016672788,1.522216616,87.55435540918866,93.48689871,-5.932543301
18,0,73.10726510777475,77.78246550083021,-4.675200393,88.24712208579753,80.85350128952322,7.393620796
18,1,69.84330136502231,74.75822913465593,-4.91492777,81.42754698273993,66.01038233,15.41716465
18,2,76.23910406,82.02211961657345,-5.783015561,68.79450925370855,59.90452549087767,8.889983763
18,3,102.47768881120835,105.34270482741309,-2.865016016,70.64550811081781,58.17364588901041,12.47186222
18,4,136.6374973229216,136.12829464675883,0.509202676,78.40534772138253,62.832119167388285,15.57322855
18,5,162.37676421640504,157.4600873397418,4.916676877,103.04024046634518,72.15017242091001,30.89006805
18,6,171.81055155435234,172.58658258104523,-0.776031027,97.06112450759024,69.76704863,27.29407587
19,0,64.16508696048388,64.15914888624661,0.005938074,99.34528436141623,92.29193634441808,7.053348017
19,1,58.676428751248935,59.245601438184295,-0.569172687,97.13441108485034,73.85533242,23.27907867
19,2,63.72292119447071,67.43056436094605,-3.707643166,70.46493215847985,60.13946513275738,10.32546703
19,3,86.60385673534415,93.96426620785364,-7.360409473,58.54746799615994,58.808465833900044,-0.260997838
19,4,118.56384235676413,132.4548686162696,-13.89102626,71.76499102,61.1731375,10.59185353
19,5,156.5057307271232,162.10464778645706,-5.598917059,86.79491286853865,73.70572344481407,13.08918942
19,6,167.62432695015127,175.7382243010684,-8.113897351,108.74108962587445,81.06941850452728,27.67167112
20,0,66.06987587452731,69.99641159590934,-3.926535721,90.41219843403749,80.30218054460465,10.11001789
20,1,62.0127463,62.84396294569607,-0.831216645,78.58188328801562,73.58380554020376,4.998077748
20,2,62.553604841278855,65.24082567965877,-2.687220838,67.69606048857987,62.82289589398509,4.873164595
20,3,83.39931369223457,90.63376659,-7.234452898,61.57153178838135,52.48157122599806,9.089960562
20,4,116.72708571806652,127.72671345917263,-10.99962774,72.24269104383988,64.36122227602057,7.881468768
20,5,146.88674107951456,153.03858448616057,-6.151843407,82.77312533517163,57.83292857653363,24.94019676
20,6,162.86529301183796,169.3016582720504,-6.43636526,87.73269158174888,93.47820516605698,-5.745513584
21,0,59.889019338051924,63.94702914661757,-4.058009809,85.03472514099515,77.83674762947295,7.197977512
21,1,58.710809416387285,62.15341545282625,-3.442606036,69.19142847,63.70821782032953,5.483210649
21,2,67.31906136796817,78.91002978890437,-11.59096842,48.85934890399855,50.16019581361987,-1.30084691
21,3,93.74878224598297,103.59840664081028,-9.849624395,62.88715303720484,49.48532370867447,13.40182933
21,4,127.67976604548655,137.60538555478405,-9.925619509,71.45581959,62.20895505190289,9.24686454
21,5,155.33628760646323,161.5436042636963,-6.207316657,106.26580877154838,70.57474839905085,35.69106037
21,6,171.44916024669828,173.78244807060662,-2.333287824,113.67020238971183,107.12006082971943,6.55014156
22,0,68.13977367106297,73.97084530807716,-5.831071637,101.8252629989924,79.85412044783868,21.97114255
22,1,64.34177279007702,68.49590536128903,-4.154132571,88.10750087,72.79144180983641,15.31605906
22,2,71.60067855,72.60854057401454,-1.007862026,76.24226841887048,61.77748027432425,14.46478814
22,3,93.20330569024357,97.75801287693277,-4.554707187,68.87765391882891,62.490214663122735,6.387439256
22,4,124.390762,132.03500529771594,-7.644243312,76.62156234611805,70.88994166529682,5.731620681
22,5,154.97614239647436,159.34888594567695,-4.372743549,93.18497130420774,61.403162912865916,31.78180839
22,6,165.52747832473537,173.37835571921906,-7.850877394,97.03796741633315,103.92605676919406,-6.888089353
23,0,66.38610505341242,71.17115071873485,-4.785045665,93.44917143275748,86.48866601312756,6.96050542
23,1,63.188943481441676,67.26714759022028,-4.078204109,74.23155333,70.19656829,4.034985035
23,2,73.54396797854184,76.65867374295466,-3.114705764,67.80335285493675,58.240438253593325,9.562914601
23,3,100.98482214240343,110.89658197827602,-9.911759836,71.58693831828214,56.53769572606878,15.04924259
23,4,139.84894013408035,141.19767925211588,-1.348739118,82.04751814773829,63.334084,18.71343415
23,5,159.94675592193946,164.4327455749505,-4.485989653,106.67097676542852,74.97526741154347,31.69570935
23,6,173.22397794672952,174.9098409127288,-1.685862966,100.5917561650228,79.75557436434612,20.8361818
24,0,75.78928843448912,75.91889099260577,-0.129602558,76.87144805695237,78.61166472719854,-1.74021667
24,1,74.34234029,68.66254879924678,5.679791495,78.0439989,76.38515550256797,1.658843395
24,2,82.90434639983138,79.03113264039898,3.873213759,66.10833007913477,59.80615947590576,6.302170603
24,3,106.3704436666573,105.58914068712554,0.78130298,56.93437440150641,60.05868537323263,-3.124310972
24,4,139.80897168217987,136.2208004563324,3.588171226,65.46447638,74.23282724861629,-8.768350866
24,5,155.8210961,155.9770597013712,-0.155963596,80.79085212,79.26510582,1.525746307
24,6,173.05665051521135,170.24913891092723,2.807511604,74.59491893902924,68.60457162428574,5.990347315
24,7,176.06321159215517,178.63441416381448,-2.571202572,68.70225222340842,42.16195009,26.54030214
25,0,76.01391856040607,78.00266908,-1.988750523,80.11429908787285,92.33733284868643,-12.22303376
25,1,75.19323273622321,73.15733155295214,2.035901183,85.23878225326101,71.08806486102455,14.15071739
25,2,78.83720613738632,78.07856973323695,0.758636404,82.97929633284176,66.93153606,16.04776027
25,3,99.37544493459934,93.72339353019277,5.652051404,58.169366175140354,57.50234191590843,0.667024259
25,4,124.73456347421794,123.79869928105425,0.935864193,71.14375026687941,58.419914244930006,12.72383602
25,5,146.38949393752523,144.3885079700929,2.000985967,77.70676176180744,67.53707753694462,10.16968422
25,6,163.0818594450843,163.46851927215533,-0.386659827,85.54190508,73.39419912641978,12.14770596
25,7,176.91890362199393,171.1762887703383,5.742614852,73.14215989179851,121.50464856850537,-48.36248868
25,8,175.5120507735751,172.20667781818446,3.305372955,62.196712842598934,55.03240109355039,7.164311749
25,9,173.67084189508736,167.50649346781873,6.164348427,62.63125312893558,54.51369575835241,8.117557371
26,0,76.50520849764725,83.06010004,-6.554891542,84.07679692,90.42841987,-6.351622949
26,1,68.84676352550608,69.58866871024122,-0.741905185,81.44362711149876,75.97717038543313,5.466456726
26,2,68.82300609605106,65.26709403885906,3.555912057,78.51693114032032,74.10514459,4.411786551
26,3,78.82356659,74.35340352727513,4.470163063,76.45163950467733,60.728728114567076,15.72291139
26,4,108.47487007315999,103.47652260219243,4.998347471,56.79611451,57.83015135678197,-1.03403685
26,5,136.83299902688262,133.87655433621683,2.956444691,74.64379791714966,75.28011325450511,-0.636315337
26,6,150.1588191668693,152.58835257021468,-2.429533403,79.75336492252359,81.77234652454563,-2.018981602
26,7,172.21411808445245,171.03554695873694,1.178571126,64.97690745705766,66.55108936277772,-1.574181906
27,0,84.92887499070748,90.89900765540901,-5.970132665,72.89717672978847,103.94719749108513,-31.05002076
27,1,83.30357578459244,83.45338516,-0.149809372,99.51459284313412,91.70633905754525,7.808253786
27,2,83.77371048,80.72190234336908,3.051808137,85.35833363964396,80.84889003592411,4.509443604
27,3,95.87043970002978,90.26724357458895,5.603196125,74.06828103426378,66.72965221611295,7.338628818
27,4,122.07206011994502,114.93309962015395,7.1389605,61.07670132306339,54.80932232,6.267379005
27,5,148.54565750661018,138.5211108919658,10.02454661,79.67201887705883,73.44304768,6.228971199
27,6,167.5586523505966,157.3466514213854,10.21200093,74.46793634655101,76.44644794484198,-1.978511598
27,7,171.97660253445142,176.5334405574527,-4.556838023,77.06213343490855,72.92374056,4.138392874
27,8,167.16972290621703,176.63073954282856,-9.461016637,60.11692775492116,46.418717173582074,13.69821058
27,9,173.51319444816798,173.71637174017076,-0.203177292,61.40808566,47.146863986865824,14.26122167
27,10,177.40260152324035,177.0504676,0.352133967,62.23272484,55.562455299348905,6.670269543
28,0,81.91415266806229,82.53264563823402,-0.61849297,87.70939791,89.72072172389547,-2.011323816
28,1,80.48037615059985,77.93522912666656,2.545147024,83.04156955281168,79.6182234,3.423346157
28,2,90.66666389697924,87.10537959251562,3.561284304,79.12759343284304,68.63091628528933,10.49667715
28,3,117.74016345746466,116.93927903038873,0.800884427,62.56580822,56.243507486887424,6.322300735
28,4,145.18117400685887,144.32021523799304,0.860958769,74.45033652654413,80.62305051758362,-6.172713991
28,5,159.67399547405378,163.65141265224784,-3.977417178,76.93938433920633,103.38615664694039,-26.44677231
28,6,177.40152246459874,175.84892226925749,1.552600195,77.54320105595914,139.38475249635192,-61.84155144
28,7,173.97038457481824,168.0430643957469,5.927320179,69.63433926606167,49.537481223243574,20.09685804
28,8,170.3780010151497,164.31001436003356,6.067986655,55.92940266885354,57.14632744146561,-1.216924773
29,0,83.89486963414166,90.25059161308432,-6.355721979,87.66990460140163,93.32527336061077,-5.655368759
29,1,76.91047852917251,76.90837508999972,0.002103439,90.96412911409743,85.13426838705222,5.829860727
29,2,77.12165674901202,72.65979750510292,4.461859244,83.84189233129139,83.81987549570498,0.022016836
29,3,86.08909935337117,81.58195781,4.507141544,74.28236389342285,67.86119945782843,6.421164436
29,4,115.39769265792229,108.51394679983642,6.883745858,60.900908397426264,56.48470314911062,4.416205248
29,5,144.0008785076827,136.98606434866934,7.014814159,73.90927148199926,78.93854133484842,-5.029269853
29,6,156.05282107238233,153.92491506200668,2.12790601,79.22785656791856,67.24082653957818,11.98703003
29,7,172.93608462845413,168.7116277626398,4.224456866,74.03709361005832,76.40836835860136,-2.371274749
29,8,179.20158710504975,174.91310448121888,4.288482624,68.27685407697653,70.13191927607487,-1.855065199
31,0,84.56933624116208,91.09671204,-6.527375797,80.17155858688065,94.70665516056809,-14.53509657
31,1,80.58495834869242,82.16480795234888,-1.579849604,88.24759571,89.55730054327566,-1.309704837
31,2,88.15164702052566,85.11759368336729,3.034053337,90.55619243556876,74.49468927455528,16.06150316
31,3,102.47751751850606,98.86510499034786,3.612412528,61.64126307220988,59.441326689984045,2.199936382
31,4,130.78286294975155,128.17922429121944,2.603638659,56.08720904007667,64.59198236538627,-8.504773325
31,5,153.79763010868535,147.1963675945141,6.601262514,65.37539768918955,69.93739239,-4.561994701
31,6,172.69589722118752,164.4564624604811,8.239434761,71.89541998939404,84.67990244109474,-12.78448245
31,7,177.6246830348105,175.34377141441422,2.28091162,68.05529327530317,68.98667627151376,-0.931382996
31,8,172.75992152530375,179.18190959495882,-6.42198807,64.86284454538118,51.58057759590208,13.28226695
32,0,86.91302594579649,92.18354764,-5.270521696,83.75799138418165,86.56187397748994,-2.803882593
32,1,81.02195539238886,83.77084440126696,-2.748889009,86.74586192781652,91.43717229264709,-4.691310365
32,2,87.22251765,84.80137859897194,2.42113905,86.11907561789492,93.66132517384662,-7.542249556
32,3,93.69997093124528,91.04978069341892,2.650190238,87.36921919160605,71.04601867508397,16.32320052
32,4,118.7703235884018,117.18425609586563,1.586067493,70.53644434526107,59.419288418277766,11.11715593
32,5,147.13620633861038,143.68882496572226,3.447381373,77.99795166177485,71.65626563648755,6.341686025
32,6,159.06176153832408,158.29632993016853,0.765431608,72.04545513245472,79.78499896,-7.739543832
32,7,179.52000158932563,175.1737249953411,4.346276594,77.29399276282102,77.32790073087607,-0.033907968
32,8,172.70773375876854,176.39098663634948,-3.683252878,66.37454680278152,48.00750737374251,18.36703943
32,9,174.58618363391705,173.11341914552435,1.472764488,58.79874145,40.75406875006983,18.0446727
32,10,179.48907563961197,177.7340942940286,1.754981346,62.18026440490803,48.82619213146386,13.35407227
33,0,79.49157502,83.10006849009811,-3.608493474,87.21753667354734,101.57230218944892,-14.35476552
33,1,78.21754681534946,78.15140345,0.066143363,83.80190338043606,85.02342530934378,-1.221521929
33,2,84.67175014655517,82.42723431176462,2.244515835,68.55789826446617,69.33094404972663,-0.773045785
33,3,104.42292364842785,102.41241541210726,2.010508236,62.66065864770187,57.64393865,5.016719995
33,4,136.00523335353463,132.3193001154988,3.685933238,70.65024600334903,65.17896345894836,5.471282544
33,5,153.3621991407801,151.80787140485236,1.554327736,66.67093938825899,75.91832382029877,-9.247384432
33,6,170.94262758290196,170.0906673289118,0.851960254,76.20152675841977,84.30941377070565,-8.107887012
33,7,179.324674,176.4906935001955,2.83398053,76.39564184102646,92.32022347,-15.92458163
33,8,176.04784539238622,173.14399658169395,2.903848811,62.56909854653729,60.86372021156142,1.705378335
33,9,178.79942866794187,173.8512417091065,4.948186959,60.43757895728996,55.55754850603821,4.880030451
33,10,176.76907763157695,179.6174891088223,-2.848411477,55.72072020891547,61.27738393078089,-5.556663722
34,0,86.00485705025062,90.60262663876999,-4.597769589,82.44894367477957,86.64596989203666,-4.197026217
34,1,83.70869760603938,81.48278095,2.225916653,90.56656868066509,103.4561206171316,-12.88955194
34,2,83.42781622975835,79.18630413201842,4.241512098,92.84899315844848,87.27390599318753,5.575087165
34,3,96.26350937,90.15892631668626,6.104583058,69.80664490750726,68.24511298,1.561531927
34,4,126.57156530590855,115.85031588675159,10.72124942,61.719213402254276,69.01208728782342,-7.292873886
34,5,148.56959895125144,143.23683386070212,5.332765091,80.71888662862604,76.44310094687651,4.275785682
34,6,169.33301274483927,160.36313876686899,8.969873978,80.38729037632807,78.00581270452267,2.381477672
34,7,176.91388617156926,175.3584668632939,1.555419308,78.61945921540914,81.47186994615284,-2.852410731
34,8,169.21911588450766,178.66723239522753,-9.448116511,68.65005260750002,85.75472656,-17.10467395
34,9,174.89413358815935,175.9805748624965,-1.086441274,53.95812538476924,43.073062717852295,10.88506267
34,10,178.3882726180556,177.92722611942835,0.461046499,60.67040528093136,45.81399259294338,14.85641269
35,0,77.79439285,83.09731329526029,-5.302920446,78.22124202149593,104.69081480578174,-26.46957278
35,1,70.22017922866985,70.05718098257928,0.162998246,84.49236044530842,92.85182843252011,-8.359467987
35,2,73.15858502885347,66.32175288558497,6.836832143,84.41318168498609,69.4002583,15.01292339
35,3,83.48246884749948,80.16407979246544,3.318389055,70.23344269818121,64.35676883505668,5.876673863
35,4,113.08618839114625,115.70090044285985,-2.614712052,60.62555358544664,62.54197490995222,-1.916421325
35,5,144.13912044469106,139.42987018312144,4.709250262,76.23921643513697,66.17816085956805,10.06105558
35,6,157.86316208307827,155.94307645459037,1.920085628,68.69711942,71.71416434823765,-3.01704493
35,7,179.12951054134456,176.38262606553351,2.746884476,74.42239664,102.1389555654817,-27.71655892
36,0,86.90486863979754,93.91513841053376,-7.010269771,86.97509086420646,95.73246297708963,-8.757372113
36,1,79.70029517516626,84.19317446787069,-4.492879293,92.14111795392795,98.37548848897073,-6.234370535
36,2,81.42551552,83.90143013828994,-2.475914622,92.35488642,74.91059127168108,17.44429515
36,3,93.06315517643515,97.57109593754481,-4.507940761,75.26099606,63.49486893350142,11.76612713
36,4,125.94698038062677,126.29453697056486,-0.34755659,64.35950468050655,56.995501364621866,7.364003316
36,5,144.87855666000416,148.19458434413414,-3.316027684,61.80608705621002,74.08385001135476,-12.27776296
36,6,163.85077077820975,161.32000442258317,2.530766356,69.66639132691513,72.95595777207258,-3.289566445
36,7,178.45390726686756,176.3974099778814,2.056497289,76.64646062007952,76.19727054158871,0.449190078
36,8,176.5435153660526,177.17018728317154,-0.626671917,66.71083591888335,88.11295575795504,-21.40211984
36,9,176.12471676970972,178.88555413369977,-2.760837364,64.31954083186434,41.34486437034305,22.97467646
36,10,178.02755594885295,177.75160902014233,0.275946929,68.33837532518193,38.23501778263837,30.10335754
37,0,89.95468240449028,99.81422563,-9.859543229,95.28521204521924,97.07056533615682,-1.785353291
37,1,88.69358162550816,87.27622724513589,1.41735438,99.10380536141092,88.22337374,10.88043162
37,2,90.56075418141711,89.99580704272299,0.564947139,107.95320298220734,66.51333034431617,41.43987264
37,3,107.04886904556082,104.80014060247005,2.248728443,68.45467050171587,62.335616836978645,6.119053665
37,4,131.94851623749696,129.74202680605427,2.206489431,75.60631566707836,65.64085016557026,9.965465502
37,5,154.82807520193285,151.9420053997706,2.886069802,68.43621425,66.76576221043547,1.670452039
37,6,173.9330186953286,171.33846368017265,2.594555015,73.49921013932993,84.29386563478683,-10.7946555
37,7,171.52255942318413,174.97085976277256,-3.44830034,57.55592772024438,50.149831805361906,7.406095915
37,8,165.7974928512056,167.98286762776527,-2.185374777,62.474599344717156,56.07206605358415,6.402533291
37,9,167.92031467623582,169.3017623255118,-1.381447649,69.2521528,58.57697880937744,10.67517399
37,10,176.18584952002277,174.81870240881062,1.367147111,59.097785634928265,56.53153233866618,2.566253296
38,0,97.54587614429536,104.1982168484845,-6.652340704,100.60324094275863,56.39770698928098,44.20553395
38,1,89.81466334913141,91.47030699,-1.655643637,81.21823997,93.35991492,-12.14167494
38,2,95.55228413,93.89123775072936,1.661046376,77.92359268424333,71.93245220352635,5.991140481
38,3,113.38844392675185,111.8212806,1.567163301,67.0797089,58.23774010295301,8.841968794
38,4,143.06457789699857,138.52888526064527,4.535692636,64.33235871325593,59.24618559831257,5.086173115
38,5,162.55057552389468,160.69790991132572,1.852665613,74.92653965236698,80.81090456274283,-5.88436491
38,6,176.82821936199352,172.24736265171722,4.58085671,75.38299582986373,79.086566,-3.703570172
38,7,175.2507907946074,176.53029345559716,-1.279502661,72.64064875772732,60.80300047042135,11.83764829
38,8,174.0131091685131,178.11653518826256,-4.10342602,57.178352962725405,53.686247843293074,3.492105119
38,9,177.64119803593104,179.84767341302532,-2.206475377,63.595227872126564,52.53378829948807,11.06143957
39,0,85.14671128257474,88.83983734950304,-3.693126067,75.98857715510609,75.12458238,0.863994776
39,1,77.66957672002543,78.61578768769954,-0.946210968,61.79696739220031,65.46479519439126,-3.667827802
39,2,80.28945175038031,74.87401628879631,5.415435462,58.25093127531935,65.74274166891564,-7.491810394
39,3,94.90618803,99.38344352,-4.477255487,57.56342363726889,34.33070064487427,23.23272299
39,4,115.83578007113006,125.55794574263267,-9.722165672,63.47586292197117,57.43533674656897,6.040526175
39,5,151.3570687555639,147.06073646056797,4.296332295,86.44391120396824,50.232803053483885,36.21110815
39,6,161.5886886998539,163.34479905339435,-1.756110354,88.14616824374835,84.60154197336868,3.54462627
40,0,80.47369002455578,87.67195104419689,-7.19826102,66.32025013137586,64.24800702,2.072243111
40,1,75.58251154784925,75.40150730362993,0.181004244,56.14777938593835,57.20654085765328,-1.058761472
40,2,82.99804968,79.42828726158805,3.569762414,56.69926240222663,58.660067829220694,-1.960805427
40,3,103.50891589293184,107.90018471349737,-4.391268821,58.774637115987076,44.40816834623322,14.36646877
40,4,139.81567662217074,135.2837928731249,4.531883749,67.13785720139168,65.66252654882395,1.475330653
40,5,149.99529810538732,152.2372198712224,-2.241921766,94.20414801668545,75.24741282623842,18.95673519
40,6,163.84277831421142,163.90397183154118,-0.061193517,91.05918504,86.75942947,4.299755566
41,1,80.63845002756472,82.32829659514474,-1.689846568,58.46759432412083,59.32500316481202,-0.857408841
41,2,85.07713503771201,81.72410462697553,3.353030411,56.83169207675934,59.31989089961451,-2.488198823
41,3,101.90914979412678,112.87462944844172,-10.96547965,57.35312023039736,46.58642079719014,10.76669943
41,4,130.68591569920045,135.07457809291364,-4.388662394,78.65245576622019,38.31269378495021,40.33976198
41,5,148.6419005561832,146.05805417869706,2.583846377,106.0343095756778,74.67248918861955,31.36182039
41,6,166.31628690785388,163.69135818214951,2.624928726,95.40097384044093,79.67465358608416,15.72632025
42,0,83.58668293009603,86.33592488265224,-2.749241953,63.460052778415324,59.80225138330098,3.657801395
42,1,81.23279493882205,77.62340898860049,3.60938595,62.195367283543945,55.13661656847361,7.058750715
42,2,89.84180832724891,82.71531014505088,7.126498182,63.02757571533311,136.5357794235406,-73.50820371
42,3,111.91499149617538,100.46456584858682,11.45042565,74.58531185962806,97.57183799,-22.98652613
42,4,144.03129890651795,146.31889134263332,-2.287592436,83.88216060102913,73.20927792241169,10.67288268
43,0,80.48178429757904,85.24504661,-4.763262313,57.85325729023816,64.45223296155369,-6.598975671
43,1,73.13099313433227,75.38191613302087,-2.250922999,69.51391363862919,49.25007679096488,20.26383685
43,2,72.90528992,68.62843382247262,4.276856093,60.77312840958517,55.944819132319694,4.828309277
43,3,84.53298081753525,105.82467302534455,-21.29169221,62.29695106,55.00074781415116,7.296203243
43,4,110.13748494246852,140.09586724688825,-29.9583823,63.824690204757665,71.31512122,-7.490431017
43,5,138.25594916736026,143.6431751,-5.38722598,77.68567254127166,71.17046509906938,6.515207442
43,6,152.3092905941719,144.54865269108095,7.760637903,87.92795620445624,74.42370099345514,13.50425521
43,7,164.14350796385003,164.5526947187753,-0.409186755,85.13794914964635,120.12035634865548,-34.9824072
43,8,170.35332184796755,168.9403164893117,1.413005359,80.77123158442603,64.89653303987966,15.87469854
45,0,82.39420281,89.50713312,-7.112930316,60.397684631415444,50.16045953649465,10.23722509
45,1,79.64778073968401,78.73867586602226,0.909104874,62.34754717317326,49.63422128174755,12.71332589
45,2,82.34103235733276,80.25283883,2.088193523,49.82631515594312,49.34012839205909,0.486186764
45,3,98.67958804233669,94.18000901641184,4.499579026,55.33367385669684,49.619531986793255,5.71414187
45,4,120.95236199895196,129.62426929551097,-8.671907297,64.88353693821598,63.86657241505491,1.016964523
45,5,143.3471076104545,152.26633273116585,-8.919225121,94.30749637,81.40908833836873,12.89840803
45,6,158.98154387178622,166.88787686703407,-7.906332995,89.51037915010548,92.38016524568656,-2.869786096
45,7,166.3392167297553,173.4369478972641,-7.097731168,88.51933555675582,85.05533610199463,3.463999455
46,0,74.53470031501598,81.03285174189988,-6.498151427,63.41702532561138,57.94280364617647,5.474221679
46,1,74.32856073224582,72.53616383690145,1.792396895,60.06846652438019,47.52483304387704,12.54363348
46,2,79.98133507723601,74.95163471377617,5.029700363,55.46284107129339,47.956982876052855,7.505858195
46,3,102.24520680366754,101.44258094222957,0.802625861,52.141491357019206,47.71012079353842,4.431370563
46,4,127.8927474580793,140.66095458808573,-12.76820713,56.37030687405535,59.39975248010242,-3.029445606
46,5,151.2986253360373,162.24742742118357,-10.94880209,76.90115359446807,84.99915959095173,-8.098005996
46,6,160.26994525500612,169.8539500192652,-9.584004764,81.76743327819014,98.08070788,-16.3132746
46,7,171.20804104584238,167.1683454044385,4.039695641,68.96743786,83.51695792788894,-14.54952007
46,8,177.45626322513712,167.98271594933172,9.473547276,69.96633325946355,78.11441860987784,-8.14808535
46,9,176.1735745912532,167.00551503850485,9.168059553,59.90046891365392,62.39621011352687,-2.4957412
47,0,85.40529248,87.83054169684185,-2.42524922,62.96683462523554,57.943415525430964,5.0234191
47,1,87.45636996775649,85.71655261305425,1.739817355,58.02705083938074,46.63766917243853,11.38938167
47,2,99.52783888794781,93.54646077022919,5.981378118,72.36813438,45.226825826265156,27.14130856
47,3,124.70720000987025,128.94948011971644,-4.24228011,79.20770743617467,55.00414972485081,24.20355771
47,4,149.31315760350606,153.54041491090592,-4.227257307,96.28191462536218,62.17898937,34.10292526
47,5,158.13019220551595,167.3730028589119,-9.242810653,73.05336420275799,97.37317607065778,-24.31981187
47,6,167.09456494707055,172.36737695839724,-5.272812011,78.52471996,82.88530020863536,-4.360580248
47,7,176.2386711937118,175.29573176055018,0.942939433,64.30142619620283,54.28986291364356,10.01156328
48,0,90.13615842318514,94.66301200293853,-4.52685358,62.376385640404095,56.750461254526975,5.625924386
48,1,81.82185308874219,83.68013099250163,-1.858277904,63.52615353752035,56.68251654066473,6.843636997
48,2,85.86277904475622,85.73452325222901,0.128255793,58.83111616812864,50.37710702321967,8.454009145
48,3,97.97201949647435,98.94285495067047,-0.970835454,59.825603622341006,44.25765825733865,15.56794537
48,4,121.47261522079916,127.05813457781706,-5.585519357,58.34481013578356,61.34993926387859,-3.005129128
48,5,143.3992538855903,150.08272621766156,-6.683472332,78.23059658080929,68.21172763037661,10.01886895
48,6,157.48120786257152,165.1832998613139,-7.702091999,88.85186587650128,115.19947341034087,-26.34760753
48,7,172.57850105473113,174.6510947683357,-2.072593714,75.07318592,89.91266874191544,-14.83948283
48,8,179.09594762111288,175.19288365258365,3.903063969,79.54903260975426,67.86622955701412,11.68280305
48,9,174.59493601519935,168.18963308037092,6.405302935,63.81145840941585,61.40898061993698,2.402477789
48,10,176.91003844221603,167.60581257112335,9.304225871,65.59805401128679,62.46880214373189,3.129251868
49,0,88.47502423463506,91.12773726407825,-2.652713029,106.82869974741303,93.35633844746638,13.4723613
49,1,84.37776247223842,91.12773726407825,-6.749974792,116.32614418961036,93.35633844746638,22.96980574
49,2,82.70854672436538,82.62541497212001,0.083131752,93.8069323,87.54285116,6.264081142
49,3,91.12871751950034,94.90203863859631,-3.773321119,96.37538577458402,80.36831642285101,16.00706935
49,4,112.96437976823222,119.38483476501483,-6.420454997,89.35249201904603,56.476390969137576,32.87610105
49,5,148.97453035251985,141.3401645551774,7.634365797,77.85533046118168,58.34312936530326,19.5122011
49,6,169.48134497356796,163.6841002224527,5.797244751,89.51555345180876,74.44148279692821,15.07407065
49,7,173.3466903378323,176.9310815658457,-3.584391228,100.6724334125648,100.76250900513433,-0.090075593
49,8,171.90616564463815,169.62379408270877,2.282371562,119.46475720880474,78.12352646695572,41.34123074
49,9,175.9062002400213,168.61139478505513,7.294805455,123.01834093968544,85.19345676826858,37.82488417
49,10,178.87849611797455,172.21354803626372,6.664948082,109.65431522718035,89.95702030086007,19.69729493
49,11,176.2574761175812,176.08366895524858,0.173807162,80.97680841843707,71.51490351000591,9.461904908
50,1,87.09176600472826,96.85771300344203,-9.765946999,108.85426027928675,97.64425442695291,11.21000585
50,2,85.23157686198459,87.15212394297667,-1.920547081,101.94212924588577,94.31083389575005,7.63129535
50,3,94.12556969931406,97.05038203739073,-2.924812338,90.41645049,82.6198031,7.796647385
50,4,113.70763794704862,118.94732705668842,-5.23968911,93.43710098417246,59.08930809080228,34.34779289
50,5,143.22798612555437,151.55543174054222,-8.327445615,83.04940680402176,64.75926155678039,18.29014525
50,6,165.92930436452085,162.58052102632442,3.348783338,84.66098403,76.61963595861779,8.041348076
50,7,176.8607569348788,178.68279684453574,-1.82203991,88.09413992087605,98.35915703208079,-10.26501711
50,8,175.63618290374538,179.26320209293647,-3.627019189,109.06327759375948,58.90130248142412,50.16197511
50,9,176.83965260346417,173.92539334802993,2.914259255,91.50354905150357,54.584456299455596,36.91909275
50,10,178.45062027044574,170.5134154240184,7.937204846,88.19312308341577,56.66461975434149,31.52850333
50,11,175.94833510184725,172.00747975359053,3.940855348,71.83404228,49.240886542892895,22.59315574
50,12,175.88809845280605,179.53846903468192,-3.650370582,53.644709855880336,48.866471878026886,4.778237978
50,13,172.60453482674126,174.14007449180798,-1.535539665,48.31184465868903,47.39854093069711,0.913303728
50,14,167.28363293668298,169.3997172512377,-2.116084315,46.411934046526326,49.461979046785885,-3.050045
50,15,158.51390928647137,158.60987588563304,-0.095966599,45.35554097498444,52.794178751331984,-7.438637776
51,0,92.89406238174405,106.32429251526818,-13.43023013,90.79435188031853,101.5871528659868,-10.79280099
51,1,89.66310603858271,103.36852711237812,-13.70542107,105.38939907831454,79.16730347916655,26.2220956
51,2,91.70032688242296,100.70042110375519,-9.000094221,106.18582446947816,83.83708604895536,22.34873842
51,3,94.74957426153425,100.36861168315991,-5.619037422,98.40928669899843,79.12436475201346,19.28492195
51,4,108.4211718949673,116.01075554665385,-7.589583652,91.48999125569286,74.49510355311774,16.9948877
51,5,134.34534894354982,141.17078302891494,-6.825434085,80.67209731406452,64.06995128197345,16.60214603
51,6,155.39048166868784,161.39140451385168,-6.000922845,68.66303157550902,63.73716784158445,4.925863734
51,7,171.8199071598686,175.27051022125167,-3.450603061,65.48531955260205,88.40585004800768,-22.9205305
51,8,179.94045269089966,178.0370035722839,1.903449119,80.07142414967335,70.83509397844223,9.236330171
51,9,179.36598000024372,175.8398700626364,3.526109938,70.67192929841246,54.25745624962222,16.41447305
51,10,174.27174127433713,175.62011474302463,-1.348373469,66.12173058540684,52.69601726965915,13.42571332
51,11,167.71317732149447,177.0431404370886,-9.329963116,57.61082644895679,48.96225789,8.648568554
51,12,165.9945504,172.9227729935144,-6.928222558,57.59545651140457,50.887807788708685,6.707648723
52,0,91.94518541152024,100.92289679554018,-8.977711384,100.19869035086238,95.47251983132092,4.72617052
52,1,93.73755013,95.93088592829177,-2.193335795,103.4313718136741,91.25414854967244,12.17722326
52,2,91.00621084877712,93.49969129058006,-2.493480442,89.74541707014387,85.25087108530288,4.494545985
52,3,106.4807147303634,112.87619193090853,-6.395477201,82.27892615289541,75.87418074233388,6.404745411
52,4,129.0505718,128.80375656689353,0.246815267,76.14684358,57.104154089173264,19.0426895
52,5,154.2101958286777,147.27662314168808,6.933572687,61.428131669549686,70.86230168683743,-9.434170017
52,6,166.7419541585922,165.65923799349275,1.082716165,92.07086588717343,90.12295216415879,1.947913723
52,7,177.54968472755044,176.99989635482493,0.549788373,91.76449314,136.7541056778888,-44.98961254
52,8,171.4808175273181,175.9049627822047,-4.424145255,93.07439003,100.87510138825135,-7.800711355
52,9,174.7086457563695,172.89520926185108,1.813436495,81.36676157918153,63.02429191937164,18.34246966
52,10,179.57108816720998,173.70634600165243,5.864742166,88.40866360001363,58.54232633897222,29.86633726
53,0,94.95560454846802,99.14220092,-4.186596375,96.11401014185377,94.89824423775707,1.215765904
53,1,102.5934751408244,101.76091045486613,0.832564686,94.81868911889624,92.67837899,2.140310128
53,2,110.63451735503928,115.22601275849114,-4.591495403,88.18713756733513,72.39827396,15.7888636
53,3,132.29030962403561,140.1301088605241,-7.839799236,97.72946237185712,62.84290793628852,34.88655444
53,4,159.10162102786592,157.15538003370975,1.946240994,84.48701109442776,76.63213373432625,7.85487736
53,5,176.8708413426205,172.99163178316934,3.879209559,66.88980795480217,137.29235930336202,-70.40255135
53,6,173.9108044760393,178.04064403970364,-4.129839564,69.81634965067607,41.881690554930444,27.9346591
53,7,175.19957291924973,169.63518379408282,5.564389125,82.70076503,73.08277307392004,9.617991959
53,8,179.22286322128983,176.69531316047758,2.527550061,71.25865955480728,70.87884811345984,0.379811441
53,9,176.0424967,172.8403157066062,3.202180949,92.86545540869679,77.77169768686132,15.09375772
54,0,96.41697835835406,108.45821688032662,-12.04123852,93.91445690502935,86.36771399219373,7.546742913
54,1,93.14648706183493,100.59058460874004,-7.444097547,96.56468429,83.82089235561746,12.74379194
54,2,92.08834798,99.03109635856259,-6.942748383,94.66473719519172,82.91108021794555,11.75365698
54,3,100.00433747841103,105.00877710048343,-5.004439622,85.92296191269283,86.90639741062111,-0.983435498
54,4,117.10099139537337,123.44581084099273,-6.344819446,76.85226580064987,59.28892651672834,17.56333928
54,5,141.77493568982652,149.49559038333814,-7.720654694,102.90922753685874,73.10097475426441,29.80825278
54,6,163.55783874393754,157.77149550651976,5.786343237,82.38654580698824,63.16325349,19.22329232
54,7,174.94892270793963,173.3233953568162,1.625527351,81.06620522403065,106.84517331294508,-25.77896809
54,8,175.40649615699536,177.5701351652026,-2.163639008,98.34058538774093,75.50792448782278,22.8326609
54,9,176.1107345099191,172.60315711715356,3.507577393,91.64720136838616,68.27990439044551,23.36729698
54,10,179.3832785322155,170.5859000001844,8.797378532,91.69357427356766,62.20295478254941,29.49061949
55,0,90.13288494780105,97.41728117635098,-7.284396229,86.22668711,88.31302612761482,-2.086339017
55,1,87.01346614763503,98.73503617,-11.72157003,88.38765639760877,78.18122741228387,10.20642899
55,2,91.69176022497474,96.31056648211717,-4.618806257,97.46720346444808,82.30489074794089,15.16231272
55,3,94.60965273501299,102.87975244798186,-8.270099713,93.21452021261621,84.78336021520879,8.431159997
55,4,114.13523561358018,118.2304182740629,-4.09518266,100.41588631520122,59.678274919115815,40.7376114
55,5,144.51782423840694,150.67243782850505,-6.15461359,91.70613276404492,69.77180006845524,21.9343327
55,6,162.03410041305108,158.73152992645333,3.302570487,99.50682143371341,58.59910682874163,40.9077146
55,7,179.78667752797244,179.0314617335467,0.755215794,80.58582935893631,92.30862924124816,-11.72279988
55,8,178.82562688979144,173.71263993564236,5.112986954,89.08230529293748,72.30364609146007,16.7786592
55,9,177.13256401385965,171.67999962544096,5.452564388,70.65456365695748,48.87943472,21.77512894
56,0,106.71957316024395,108.95498778108144,-2.235414621,91.42001820908733,86.81263615966228,4.607382049
56,1,111.23803001540718,115.12584597272023,-3.887815957,116.20833785014001,97.30384834659138,18.9044895
56,2,123.28872038972715,121.38865047686218,1.900069913,104.58441613032406,84.93276750856688,19.65164862
56,3,139.3932159094598,141.19706891362435,-1.803853004,102.25881316025475,65.61130190069204,36.64751126
56,4,159.18925533832544,160.4707436174493,-1.281488279,86.49535116328725,77.91994558098203,8.575405582
56,5,175.1480015449582,165.49291154333434,9.655090002,53.18450192,137.8682046349556,-84.68370271
56,6,176.05732243704188,175.8312998615788,0.226022575,78.18521007755851,66.9982698,11.18694028
56,7,171.71633125787727,169.16842591402082,2.547905344,112.87522945499491,107.93151850561618,4.943710949
56,8,175.79877084688474,175.7330448424603,0.065726004,101.43933213726727,92.23450391,9.204828226
57,0,97.67291624,106.06905024274319,-8.396134,75.75442851813997,89.08705112967156,-13.33262261
57,1,102.59946078133393,105.1128467880146,-2.513386007,98.13025951843973,86.31274599191093,11.81751353
57,2,100.58310331293833,103.54597342452605,-2.962870112,107.73568401167879,87.94688331289716,19.7888007
57,3,111.38747320371708,113.32948514128273,-1.942011938,83.69829977624305,96.30862330775018,-12.61032353
57,4,123.819672,129.8669524539517,-6.047280425,92.45416931424354,56.9028012,35.55136812
57,5,148.55791077248728,152.24977750669422,-3.691866734,92.46086909846565,69.26091187,23.19995723
57,6,169.21417256551285,167.02175936248935,2.192413203,75.49101700309116,108.14335002608749,-32.65233302
57,7,173.8861359865015,177.66708747886415,-3.780951492,79.78487862310949,92.74849050814508,-12.96361189
57,8,176.10903424802743,171.39558696867653,4.713447279,93.34802010004789,55.79538899937397,37.5526311
58,0,81.81082159,91.12156689985024,-9.310745309,88.60699734334952,69.03275998068757,19.57423736
58,1,78.26716935205091,85.99879471263802,-7.731625361,95.51931036436531,85.28854504331028,10.23076532
58,2,81.47809736,83.15828923332077,-1.680191871,89.97251124815628,91.08256190811107,-1.11005066
58,3,86.69047440259611,87.29834563351453,-0.607871231,81.28435953127001,73.48974469599523,7.794614835
58,4,104.1855235354284,106.79725056703641,-2.611727032,85.88422543779683,70.62692740499533,15.25729803
58,5,133.22429925325025,140.75342832534864,-7.529129072,81.80059396355469,58.59684253113361,23.20375143
58,6,157.15603042133006,156.67366551736393,0.482364904,92.61829043939488,59.222742815872586,33.39554762
58,7,172.73709893567406,173.84931015273938,-1.112211217,96.21458167199393,82.89775046616116,13.31683121
58,8,177.5665791,174.12832551407365,3.438253537,89.01566982238963,85.50944185038576,3.506227972
58,9,178.37631661696423,177.75733914508962,0.618977472,72.23877341967473,48.736602885083094,23.50217053
58,10,179.18817873560909,174.08423926212333,5.103939473,66.35727530385367,50.900006163021736,15.45726914
58,11,176.43128157190205,177.15417794633944,-0.722896374,68.72503002829328,51.96028495048776,16.76474508
58,12,174.08066458829822,173.59521291690848,0.485451671,65.39487608204838,56.67355655816099,8.721319524
58,13,172.32424747349341,174.78849110250837,-2.464243629,64.0537483,63.082362766465394,0.971385536
58,14,169.49851499134866,172.61350543045668,-3.114990439,67.04409327749657,55.266520857969915,11.77757242
58,15,165.39798876795027,170.78692805918607,-5.388939291,64.52650716,55.48909665,9.037410508
58,16,161.96071511924097,167.46520026474101,-5.504485146,56.67548430638087,56.65290425664432,0.02258005
58,17,163.36662913850392,166.01735930662858,-2.650730168,55.90294483175194,54.793926936025784,1.109017896
58,18,161.3784206335124,165.27263136112376,-3.894210728,57.746496404199185,55.798065727408066,1.948430677
58,19,159.02897483783815,164.1575287408911,-5.128553903,62.84887256714293,55.22837592300898,7.620496644
59,0,90.47811422237884,96.98362022234627,-6.505506,88.11180792123638,90.11341278376196,-2.001604863
59,1,92.77809380696402,93.57671181566405,-0.798618009,99.77399775899752,82.42023529332181,17.35376247
59,2,93.54349133363458,90.00720339050953,3.536287943,99.01097695358867,91.90584432569709,7.105132628
59,3,106.35832009637824,103.35671598010458,3.001604116,85.48001222135788,84.68161861372386,0.798393608
59,4,127.1216025736151,128.0356233759017,-0.914020802,86.40400337079546,56.83071213348963,29.57329124
59,5,153.22468962411114,153.52507676639402,-0.300387142,97.56183644780582,72.5556294,25.00620705
59,6,175.44624388437393,168.43401201276168,7.012231872,71.64449762484544,81.80840198996358,-10.16390437
59,7,173.01369026182735,179.3050928596938,-6.291402598,82.70485227264447,79.47686799640992,3.227984276
59,8,174.57666129042437,176.56622229604716,-1.989561006,79.71166050032835,53.159176493547605,26.55248401
59,9,179.03323597664107,173.01753793122265,6.015698045,84.12593952335138,57.89448175320917,26.23145777
59,10,176.8694191978838,177.4387795969561,-0.569360399,77.40683202701642,61.44815110256915,15.95868092
59,11,174.0740857940577,174.20115523791537,-0.127069444,65.82035046881205,51.639513911428786,14.18083656
59,12,171.81424532073382,174.42599036138267,-2.611745041,55.97445269904843,49.70894775071956,6.265504948
59,13,169.27441230160278,174.31591921154256,-5.04150691,42.92464475168929,51.97916417946481,-9.054519428
59,14,165.84029481091272,171.09877599843423,-5.258481188,43.907983287913886,49.19609755687489,-5.288114269
59,15,163.2430751368236,169.05743029302215,-5.814355156,45,45.55899005997247,-0.55899006
60,0,94.22818094003014,99.93674183459215,-5.708560895,80.39653998093236,93.55106996163036,-13.15452998
60,1,96.39810885,98.84636234101953,-2.448253488,100.04202836778138,92.65845245427967,7.383575914
60,2,93.60089606504572,92.23314284,1.367753224,103.45609282424795,89.80643995,13.64965288
60,3,95.91795159464526,97.58253924139348,-1.664587647,91.59827157889437,81.46679056969543,10.13148101
60,4,112.1179868329597,115.21202973943272,-3.094042906,87.44331329963511,66.5183996,20.9249137
60,5,145.95709103833008,145.86830096001395,0.088790078,89.46914543676503,65.52314932804644,23.94599611
60,6,165.33697137445384,158.2648581281093,7.072113246,83.00997729373913,67.70870941136747,15.30126788
60,7,177.62841019011123,175.46220078511155,2.166209405,71.55464421765247,74.14312082845446,-2.588476611
60,8,174.52392086065194,175.40582845216267,-0.881907592,78.11372781920993,160.86159228339272,-82.74786446
60,9,175.69204926204716,174.5182888266667,1.173760435,96.91271117306535,67.35158212846044,29.56112904
60,10,179.2305658771792,173.75678944313088,5.473776434,96.95904143394655,63.815202007500446,33.14383943
60,11,176.95127673422294,174.82580465022252,2.125472084,80.15262615,62.80109504514232,17.35153111
62,0,79.82756395546478,83.31344873261112,-3.485884777,78.23440934,62.79828668996249,15.43612265
62,1,72.91065026608507,75.68888046142486,-2.778230195,77.95349575781732,66.17918705061342,11.77430871
62,2,78.16360100215974,80.15679786427451,-1.993196862,65.86490222023912,61.412886921967676,4.452015298
62,3,89.88551008412654,97.70850296596163,-7.822992882,71.31833686163208,60.29115161,11.02718525
62,4,109.10203021885785,109.73863114775487,-0.636600929,60.333300661763644,59.124672279700576,1.208628382
62,5,137.50135777672952,136.29744361518328,1.203914162,59.06802471269091,65.90558047242361,-6.83755576
62,6,162.6432019858958,155.70515401725834,6.938047969,61.444406152130384,76.17725492354022,-14.73284877
62,7,174.87018597126402,176.5735635834679,-1.703377612,71.25515929129033,76.22496882736775,-4.969809536
63,0,78.27016592289536,89.41344556302802,-11.14327964,74.2275604,64.17657176489882,10.05098863
63,1,79.54731166078236,82.07089384404233,-2.523582183,78.67235236259435,70.51146683,8.160885537
63,2,82.58113499775956,83.43373002598295,-0.852595028,81.0425265,69.22229353,11.82023297
63,3,92.60211603,96.56141186667206,-3.959295838,69.72079108880789,59.17600595364889,10.54478514
63,4,114.63903466003228,115.75712636437133,-1.118091704,60.86634560296203,62.399860049285614,-1.533514446
63,5,135.4336323,138.03057806906816,-2.596945739,77.37128663131732,58.90976209318823,18.46152454
63,6,153.6227749459219,159.40978192280568,-5.787006977,72.17318438937976,80.64106996825677,-8.467885579
63,7,173.6193919745928,172.99152952977684,0.627862445,82.43469642079775,73.17551786,9.25917856
64,0,79.45363662860602,83.19324796333945,-3.739611335,78.76200556680867,71.39415684422558,7.367848723
64,1,75.02977470069312,75.78226853,-0.752493831,83.65327562938398,64.78171519274461,18.87156044
64,2,79.18212645652861,80.51745190033941,-1.335325444,73.37113276000628,54.28017287282798,19.09095989
64,3,98.60687622,96.99140094,1.615475282,67.47877521,58.819255146431615,8.65952006
64,4,122.26091872716428,122.16593608497449,0.094982642,69.42990596423022,63.40107489190422,6.028831072
64,5,142.14197431398637,146.2617243533154,-4.119750039,76.66774907588413,63.734140938213315,12.93360814
64,6,165.67223361510418,165.35912637432327,0.313107241,76.48545906817971,79.86469208255234,-3.379233014
65,0,72.89262744561294,83.28390756983518,-10.39128012,74.32493556244958,62.20146779793126,12.12346776
65,1,77.84179934225003,79.23155792753973,-1.389758585,63.67418629883769,60.83747169327554,2.836714606
65,2,86.82711429288959,87.08247512739433,-0.255360835,66.37827528495218,51.63921445784337,14.73906083
65,3,104.48816897144621,104.49457665781902,-0.006407686,66.42934612759589,62.050552930974085,4.378793197
65,4,125.12425117022858,129.54814154038743,-4.42389037,68.56384830353782,58.08025591482777,10.48359239
65,5,142.95513696319153,144.04041420705494,-1.085277244,62.64171131,56.40334340558348,6.238367908
65,6,156.4376543055531,160.60022029352288,-4.162565988,77.43697293,77.44351168845995,-0.006538756
65,7,169.06337874593365,165.08821422876932,3.975164517,78.59454602977453,62.93503695,15.65950908
66,0,63.44141647867263,72.11203759224625,-8.670621114,81.99099245816707,82.86510373065843,-0.874111272
66,1,66.29648162358588,67.81423733948378,-1.517755716,82.21354347736444,67.01693480349286,15.19660867
66,2,71.80616011081742,70.47216422112655,1.33399589,66.63593565100909,59.71487373369591,6.921061917
66,3,83.74784789633077,86.64051116900956,-2.892663273,66.90275437000979,55.97783441818978,10.92491995
66,4,110.41893819597354,117.80576488061993,-7.386826685,73.44943768,52.36242066047629,21.08701702
66,5,136.32911671263705,138.77741419067473,-2.448297478,71.52907284447622,72.56660445495619,-1.03753161
66,6,156.8351054218197,164.27165700315908,-7.436551581,87.11194554862351,73.86186861974284,13.25007693
68,0,55.747638105373674,68.67588114,-12.92824304,78.58075375568622,81.46735423161475,-2.886600476
68,1,55.149200791775485,65.59292472725414,-10.44372394,84.38871683299756,73.31824061401244,11.07047622
68,2,63.673216124217035,65.84142604857072,-2.168209924,85.56701765356662,61.94292868,23.62408897
68,3,78.01377920671726,76.88123134073335,1.132547866,71.56394053457188,68.16494718916141,3.398993345
68,4,94.09489700409705,94.66857417702299,-0.573677173,88.33068730250429,65.79428651301991,22.53640079
68,5,113.39217268364706,119.81307948472077,-6.420906801,69.40337166539149,62.31818416591866,7.085187499
68,6,131.3895788992848,140.94782235883116,-9.55824346,138.61226736663656,49.28232614136652,89.32994123
68,7,152.0951183391795,164.3554818388695,-12.2603635,86.11644749004904,75.96794161,10.14850588
70,1,70.51735088837779,73.67281381564233,-3.155462927,77.37477474913864,73.33690097002128,4.037873779
70,2,78.26013372925412,78.12477153824918,0.135362191,89.93126598700101,59.74225268630084,30.1890133
70,3,87.01687784,90.20304848,-3.186170639,75.78542988362979,61.68318379233528,14.10224609
70,4,105.51712037627337,106.2720193893507,-0.754899013,67.35775093884405,58.26822005018718,9.089530889
70,5,125.51522251197567,133.63960335008125,-8.124380838,74.53544729164373,67.98888197,6.546565325
70,6,143.76700992705136,152.62010482344365,-8.853094896,76.54511313,65.47925942813299,11.0658537
70,7,164.24112744920816,174.0694190157529,-9.828291567,76.51397605354383,70.8007679,5.713208149
71,0,61.15413409830133,66.45853838,-5.304404281,71.65543293381667,78.28228101,-6.626848077
71,1,53.5369147,61.614258422148865,-8.07734372,80.73371925443708,79.67731066186067,1.056408593
71,2,56.72156430355235,60.674978239882094,-3.953413936,80.74399635293402,74.76563778912845,5.978358564
71,3,60.27391195857848,65.92723018,-5.653318225,80.72906056,56.61522029766984,24.11384026
71,4,72.40122678387661,82.79371896477971,-10.39249218,75.09941872781407,48.85302909734615,26.24638963
71,5,97.63401749661745,106.86581929793941,-9.231801801,74.65331733,54.66379337,19.98952395
71,6,128.1076566254506,132.18816609265494,-4.080509467,72.36617908624304,67.20233689098325,5.163842195
71,7,150.16064155026334,164.7447792793987,-14.58413773,84.08233757218653,69.38882936028803,14.69350821
71,8,163.46660376247263,179.3589086230074,-15.89230486,117.10383847511866,74.85121861708184,42.25261986
72,0,57.29745459534407,66.22809465650542,-8.930640061,79.81483779819852,72.47592300142716,7.338914797
72,1,59.55075121172069,64.05077171242206,-4.500020501,79.52902533647134,66.96644362823562,12.56258171
72,2,66.93944312628773,66.85679272,0.082650408,70.14524188739766,61.84304054040925,8.302201347
72,3,81.91087952174313,81.85732794,0.053551582,69.48280276,62.55938866134461,6.923414098
72,4,101.4860994783903,104.28949753893163,-2.803398061,73.23771618508223,58.074712042491086,15.16300414
72,5,127.73262122257941,136.86202129957866,-9.129400077,70.95448063878172,61.32598632312608,9.628494316
72,6,154.1699048654393,154.42968514223531,-0.259780277,108.80788734993797,70.85161747991026,37.95626987
72,7,171.68387908393308,175.66405016755007,-3.980171084,84.11965772481818,67.28806146690431,16.83159626
73,0,76.74129362283223,75.94404704520508,0.797246578,63.74274885096321,63.274052440023276,0.468696411
73,1,73.68046590215621,72.78580091,0.894664997,63.99811568592129,66.89083811816734,-2.892722432
73,2,74.10939296271131,72.84583540005633,1.263557563,49.236705393391865,52.5260661,-3.289360704
73,3,76.50239847433262,78.31788582250313,-1.815487348,47.610708444705864,44.99959246562803,2.611115979
73,4,87.19393755153217,89.99236413030036,-2.798426579,54.93930243069966,45.951230104083265,8.988072327
73,5,102.61099515492162,112.14803084051815,-9.537035686,53.78597677757213,48.8385211,4.947455678
73,6,119.0406055656469,126.59628821261717,-7.555682647,59.581512702741634,38.83140143125617,20.75011127
73,7,132.25379401431726,137.42536848915165,-5.171574475,71.83933759422497,56.47476294026336,15.36457465
74,0,59.64046494507098,63.05917651858188,-3.418711574,70.94069254915524,67.69918090245142,3.241511647
74,1,52.66819027164615,56.25030710959489,-3.582116838,62.909868017304944,69.2540664,-6.344198379
74,2,46.84359949679097,51.984514262999255,-5.140914766,69.24941926164593,58.22951938402863,11.01989988
74,3,47.795331633656104,50.9009995,-3.105667867,59.17213325647616,43.766643104038735,15.40549015
74,4,52.77664779277384,57.603770734768105,-4.827122942,47.93663256472656,48.09024214125559,-0.153609577
74,5,67.62052415146697,71.47217247,-3.851648321,54.960325018005356,42.934133600525975,12.02619142
74,6,89.46672086741114,100.7344501364664,-11.26772927,52.3514767,39.39356235153754,12.95791435
74,7,104.00536769578957,117.41876721318056,-13.41339952,64.18315110172414,55.34349264389783,8.839658458
74,8,121.05972618084816,133.39790483233344,-12.33817865,71.94228938424399,52.07041959024505,19.87186979
78,1,43.93576700258757,49.65157991883702,-5.715812916,68.91709674187402,55.514521129061265,13.40257561
78,2,41.79431429508355,47.62067300930412,-5.826358714,61.13027540021325,10.894951774405913,50.23532363
78,3,42.92311051543899,46.65160849,-3.728497971,67.42049106727362,44.27190756137587,23.14858351
78,4,51.40090949319821,52.74687219506043,-1.345962702,48.069015760828705,43.86044977569774,4.208565985
78,5,60.93254713,65.02999671711683,-4.097449591,60.51419769397224,49.45593654046954,11.05826115
78,6,79.06025391,83.36405157840235,-4.303797668,58.79213003478976,37.973506073612306,20.81862396
78,7,99.61043243771083,106.15622612410141,-6.545793686,65.52886594,44.394922525465624,21.13394341
78,8,113.39623278583932,109.29770671662583,4.098526069,56.10748349647098,49.02512731463238,7.082356182
78,9,124.96296435414197,126.76079342239882,-1.797829068,73.78758463,50.33727890479454,23.45030573
83,0,60.62421698643168,67.16383042892387,-6.539613442,54.91269752442237,108.5302220444044,-53.61752452
83,1,61.05078381833826,63.92497762778894,-2.874193809,65.38960891273328,67.42568929291188,-2.03608038
83,2,61.35159093891865,63.631183288683296,-2.27959235,63.10995086,41.83889578564905,21.27105508
83,3,69.80140582665987,72.91867455337767,-3.117268727,59.58242518596495,46.96135026899931,12.62107492
83,4,82.44364071875029,84.35887706274265,-1.915236344,54.452720260925446,51.55213354580632,2.900586715
83,5,95.0592676,99.43399696890963,-4.374729368,57.11881196217427,57.90923111465173,-0.790419152
83,6,108.52203267859313,115.17374226037445,-6.651709582,60.98795224,40.50608290869104,20.48186933
83,7,118.57594801955526,126.98588342043337,-8.409935401,71.70247601487628,56.68056811591391,15.0219079
83,8,128.98441056304938,134.72941897097056,-5.745008408,79.77359949117455,64.17031163,15.60328786
84,0,43.001999990344046,48.46443014966063,-5.462430159,70.04951721529874,80.39716938885657,-10.34765217
84,1,38.454563765128334,43.14372375236794,-4.689159987,66.63480778253866,70.72688089825073,-4.092073116
84,2,35.67228323529948,38.71382113484401,-3.0415379,68.38858218123447,62.25217198477453,6.136410196
84,3,41.25559853826419,41.57761096,-0.322012426,53.501295148408076,51.81209726368719,1.689197885
84,4,51.90849160936152,55.82587059787252,-3.917378989,62.775588697648736,56.23987291679921,6.535715781
84,5,65.75388806,72.15718019,-6.403292127,65.21411135911367,49.101943570880735,16.11216779
84,6,88.09768009534535,96.52839911,-8.430719013,91.02407049658487,57.40414131,33.61992919
84,7,102.48841053140599,112.57078703780728,-10.08237651,69.18733062651295,39.85774229907104,29.32958833
85,0,93.46070365085366,94.03908329167533,-0.578379641,60.07196365,66.03034031544198,-5.958376669
85,1,98.39184409164689,92.43091272625377,5.960931365,52.39512144856599,59.804388625958346,-7.409267177
85,2,111.75236964183453,105.78266553108102,5.969704111,54.87913761736298,55.283763011459975,-0.404625394
85,3,135.92367681919498,131.41369538251135,4.509981437,63.03846956679942,62.78405210353937,0.254417463
85,4,151.5946778588059,148.45262102301473,3.142056836,61.78597386982924,66.82901390084751,-5.043040031
85,5,171.63401947072282,169.3872800361426,2.246739435,63.62732671,78.35373430458695,-14.7264076
85,6,175.88579075269365,173.22740090907052,2.658389844,76.15424274433066,55.073145209955015,21.08109753
85,7,172.08082613470415,169.54890217302656,2.531923962,70.22868734,56.13649530585688,14.09219203
86,0,95.49926694934938,94.85694106480948,0.642325885,51.618678019477144,79.93591056638542,-28.31723255
86,1,95.69888910758209,90.02839304069308,5.670496067,55.59873971009508,68.37092251,-12.7721828
86,2,108.49539426665466,100.56130668760945,7.934087579,58.07835431954932,55.991524534266745,2.086829785
86,3,132.08976289837983,129.49888852625494,2.590874372,47.0316651,55.12169317395482,-8.090028073
86,4,149.16580740769461,146.0265645396498,3.139242868,56.55975676181069,68.33925439548655,-11.77949763
86,5,168.81455557983978,166.29183100275458,2.522724577,73.54435892148751,79.19936553919742,-5.655006618
86,6,177.99738114065545,175.01084041822506,2.986540722,67.73922727,56.87776328691689,10.86146398
86,7,176.6676927216155,169.58363175965962,7.084060962,76.29188302927967,61.797203111179606,14.49467992
87,0,96.20845859938794,95.79553971029299,0.412918889,62.794756133533475,57.079970528206424,5.714785605
87,1,102.12191044480939,97.04607479484696,5.07583565,54.43593931891083,55.793834058481025,-1.35789474
87,2,120.38492087965844,113.19860043918281,7.18632044,51.09954994959905,55.81194780808094,-4.712397858
87,3,143.82538975322325,144.1339932128665,-0.30860346,53.22092559178532,66.07846019967742,-12.85753461
87,4,160.85348801882824,145.44617939948768,15.40730862,62.19378008561379,72.76439145133183,-10.57061137
87,5,173.13656872458984,176.75276316053564,-3.616194436,69.64816864897898,59.96792211270217,9.680246536
87,6,179.8735661912703,179.0295310295947,0.844035162,72.58970340421445,62.39429106466907,10.19541234
88,0,91.20645823178803,90.13767410971835,1.068784122,60.22138072319918,92.77894141604337,-32.55756069
88,1,91.66275977267449,87.07017068725783,4.592589085,59.786141812799656,67.55550941016898,-7.769367597
88,2,101.74836189385448,96.00645622360653,5.74190567,54.91645770934803,59.663192185385554,-4.746734476
88,3,123.88199142115754,121.08253798147814,2.79945344,47.709469675826455,55.38169603591343,-7.67222636
88,4,147.46558389486376,144.77073222213303,2.694851673,64.31134033703242,64.34665380578744,-0.035313469
88,5,168.8471515072235,140.30410667117482,28.54304484,69.88859194149605,70.19769334667434,-0.309101405
88,6,179.72916579795495,178.19276832036954,1.536397478,88.61915583559495,51.727292768955735,36.89186307
88,7,176.49021177560684,169.4281377568858,7.062074019,86.09356291905794,59.928587566069126,26.16497535
89,0,99.58503522425859,105.02777041163004,-5.442735187,51.56080878771467,59.83474421486658,-8.273935427
89,1,114.35042086376124,105.02777041163004,9.322650452,65.43012039692464,59.83474421486658,5.595376182
89,2,138.12585558294853,135.6669024426167,2.45895314,60.779072472210295,73.10172506486948,-12.32265259
89,3,155.82146829570374,142.1979333218374,13.62353497,75.77471067820264,53.823506246104905,21.95120443
89,4,172.0843639526618,170.4371695929346,1.64719436,65.83601727931986,53.06830243759049,12.76771484
89,5,179.90757638291618,179.4765763837015,0.430999999,72.76327316119989,60.135297937217956,12.62797522
90,0,89.12494958729737,87.97396662253767,1.150982965,63.435201762332795,66.99647092027197,-3.561269158
90,1,91.01244866710405,83.34869592,7.663752746,60.41642349105201,56.853750612983326,3.562672878
90,2,105.21852061423978,96.77580370824292,8.442716906,54.17040521411484,60.78014871919649,-6.609743505
90,3,131.43750332339835,136.06602652965088,-4.628523206,66.30940874436942,63.115009112615404,3.194399632
90,4,156.21516134375835,150.46638588895527,5.748775455,68.45083038207234,67.17438030925064,1.276450073
90,5,173.0646906240019,172.4549409,0.609749741,74.95866493119426,82.83284102481723,-7.874176094
90,6,177.81964193681128,176.29120713518498,1.528434802,78.32578952575592,61.25396765022183,17.07182188
91,0,95.60000121750049,98.73825189176674,-3.138250674,55.66881246633197,66.95451278730296,-11.28570032
91,1,107.43381593413207,101.26861143382195,6.1652045,61.47223755210409,54.770920761961165,6.70131679
91,2,132.67333312348407,128.4910443224869,4.182288801,48.38331978579938,51.033328826361284,-2.650009041
91,3,151.24353242213866,151.8194625223804,-0.5759301,62.337727008417026,68.67191143992065,-6.334184432
91,4,170.93011620995384,167.4651724,3.464943819,67.90681835877228,106.7703012582361,-38.8634829
91,5,179.2670991351899,175.32078975823924,3.946309377,79.05294486570386,60.46575753126695,18.58718733
91,6,170.0210728151161,173.8756720274053,-3.854599212,68.93614307703358,60.65166491831413,8.284478159
91,7,171.0313569559888,171.38982611582665,-0.35846916,73.64639680081754,60.95312766472674,12.69326914
92,0,88.94954334428319,86.85544347504543,2.094099869,73.97471308063695,64.55534606,9.419367024
92,1,91.01064964294292,85.52521937095567,5.485430272,55.93223166199635,66.87886334192586,-10.94663168
92,2,109.47036006365214,99.79510397269134,9.675256091,69.52519649122328,58.10976849,11.415428
92,3,135.0860039285486,137.3746170693774,-2.288613141,67.45306700100578,64.88001461077656,2.57305239
92,4,158.0513347176681,150.34130697128282,7.710027746,64.40171553768714,66.64862187303795,-2.246906335
92,5,173.12267081912228,168.5111821196235,4.611488699,80.76549322527198,92.93558322657961,-12.17009
92,6,176.17776508843417,174.9418335,1.23593156,77.63566220417717,59.04909241899925,18.58656979
92,7,174.98094121346602,171.0696798623918,3.911261351,67.03411976049796,61.511314414639294,5.522805346
93,0,88.71384888335429,85.85240702625347,2.861441857,62.460714929767306,70.04382993553017,-7.583115006
93,1,93.00700344192902,82.90743069951854,10.09957274,62.48560215496353,65.19677925284302,-2.711177098
93,2,109.71253934107698,102.07218012811269,7.640359213,65.60097074108343,59.69253572304911,5.908435018
93,3,137.79437248112043,138.4271869249717,-0.632814444,56.991586852885106,66.09819548213419,-9.106608629
93,4,159.33516592780884,152.3515617537043,6.983604174,72.58227732926112,67.80592467339055,4.776352656
93,5,174.49708565676212,168.38153889338926,6.115546763,83.64157653383822,79.75628973435951,3.885286799
94,0,91.80708759903126,95.08687310961292,-3.279785511,71.13899898906752,71.58213423941841,-0.44313525
94,1,87.64377096414155,83.88445008631555,3.759320878,68.70305737012373,83.35016084879611,-14.64710348
94,2,94.23410462906388,88.37386255060126,5.860242078,67.09973877531094,67.68267390361324,-0.582935128
94,3,115.17277363981698,107.67834995619724,7.494423684,59.69361413918833,67.00491619806196,-7.311302059
94,4,141.4900612760476,143.0622963,-1.572234986,53.62168312872944,69.86101563,-16.2393325
94,5,161.15631534378642,158.6706209188985,2.485694425,75.92705611336014,97.90343357220699,-21.97637746
94,6,178.59549984770834,178.5340661386181,0.061433709,70.77110241,72.26015110016843,-1.489048687
94,7,172.04019561381892,166.93601366849146,5.104181945,69.23907841753763,54.37582462294436,14.86325379
94,8,169.84761157868112,169.8063994473298,0.041212131,64.38669170613349,54.591667868203935,9.795023838
95,0,92.12504194974099,89.83550624591906,2.289535704,62.13642818180337,64.33169093305924,-2.195262751
95,1,96.55995934,89.83550624591906,6.724453089,59.24029413369866,64.33169093305924,-5.091396799
95,2,113.81431149470735,102.54226604284517,11.27204545,58.85887454042108,61.80484232454007,-2.945967784
95,3,138.65805230785668,136.48319922899154,2.174853079,63.882211992294685,70.47491584209033,-6.59270385
95,4,159.8831366841707,150.2262547511555,9.656881933,58.50871256575034,73.88667781,-15.37796524
95,5,173.1294429479152,170.70628814465016,2.423154803,71.95188883,97.22060322958164,-25.2687144
95,6,175.91382842484668,172.33856168663067,3.575266738,78.14044385552981,56.24867622847176,21.89176763
95,7,173.00115222669578,173.05805474564667,-0.056902519,68.10423243,60.50136403341621,7.602868394
96,0,92.71386784124753,92.35169377040279,0.362174071,57.22588926644633,61.840021402338984,-4.614132136
96,1,103.02361760714622,98.35974061865979,4.663876988,64.29149419062243,64.24814936077752,0.04334483
96,2,129.9723804472768,124.46770095995777,5.504679487,51.9481467,56.784655579185625,-4.836508883
96,3,152.1096926692868,149.9558093,2.15388335,65.66881928974074,69.70440200115247,-4.035582711
96,4,169.43932341572355,166.72295806007682,2.716365356,72.43608374810177,83.09496733028253,-10.65888358
96,5,179.8295060697007,177.2884461427616,2.541059927,70.53067737606402,56.42228771839895,14.10838966
96,6,174.29838913024076,174.31574120064147,-0.01735207,79.00029021712707,63.83071153118992,15.16957869
97,0,87.88072196300739,82.09744277754987,5.783279185,63.26814563,70.03764498301285,-6.769499353
97,1,93.44509793116974,86.89237170897141,6.552726222,58.169415651357205,57.143841910626755,1.025573741
97,2,115.63875137934932,114.51424462913599,1.12450675,52.554546514967555,49.208061649170816,3.346484866
97,3,146.34269854989427,140.50695296348076,5.835745586,80.76196821996844,64.77146485244694,15.99050337
97,4,162.19338960051192,164.13209169802607,-1.938702098,77.29586407222897,70.29147368469613,7.004390388
97,5,177.41253200344002,175.50057570003688,1.911956303,90.37303490204192,48.19383799440091,42.17919691
97,6,175.3993703366534,174.3884929727302,1.010877364,78.34315930479546,55.703900808818425,22.6392585
98,0,90.29538242584464,88.31837282989726,1.977009596,64.02742651605764,71.26323981129822,-7.235813295
98,1,96.92016493,88.67762428547798,8.242540643,57.352302856471546,66.11526651687242,-8.76296366
98,2,119.40840525787617,112.21861941293731,7.189785845,54.96837132190835,63.70974607344254,-8.741374752
98,3,148.65705950150686,147.79438233766905,0.862677164,60.79905391397027,67.28501515646484,-6.485961242
98,4,165.51774190569444,163.28994074748246,2.227801158,73.45897406591905,91.54549632455912,-18.08652226
98,5,178.67888030550378,179.17924598966732,-0.500365684,77.63562194358357,42.370438840116826,35.2651831
98,6,173.18034696074727,173.24887548117073,-0.06852852,80.36237464195301,56.87307466818615,23.48929997
99,0,90.45203789113242,89.61411205389302,0.837925837,72.74590852991054,76.16817771931746,-3.422269189
99,1,86.47272556533977,83.20145121459667,3.271274351,60.75725431487518,67.68822838342017,-6.930974069
99,2,96.50109984588815,88.95239157535028,7.548708271,51.89020147511783,61.39489804179047,-9.504696567
99,3,118.72448106924864,113.31771118159514,5.406769888,58.88933571988828,54.96299744936606,3.926338271
99,4,147.11438662699712,144.2570029829413,2.857383644,65.47642375032517,70.74834833982229,-5.271924589
99,5,165.9919475362137,162.11171421757408,3.880233319,69.40809512794169,97.19401971171135,-27.78592458
99,6,177.71969647119562,177.4279943468351,0.291702124,76.74623974,67.79648072915857,8.949759011
99,7,175.49947415100868,171.5039582120319,3.995515939,71.82737262504574,62.075007246100554,9.752365379
