archivo,frame,angulo_rodilla_kinovea,angulo_rodilla_mediapipe,angulo_pie_kinovea,angulo_pie_mediapipe,diferencia_rodilla,diferencia_pie
1,0,127.264,135.897,65.634,66.285,-8.633,-0.651
1,1,115.353,127.966,78.112,61.492,-12.613,16.62
1,2,101.338,116.58,65.265,60.567,-15.242,4.698
1,3,92.911,105.985,69.84,61.885,-13.074,7.955
1,4,83.408,94.74,70.88,73.714,-11.332,-2.834
1,5,74.912,88.061,76.692,72.07,-13.149,4.622
1,6,69.762,76.999,88.575,90.639,-7.237,-2.064
1,7,69.42,71.113,110.732,86.319,-1.693,24.413
1,8,67.154,66.673,77.096,84.9,0.481,-7.804
1,9,76.504,73.992,74.948,59.772,2.512,15.176
1,10,104.847,102.403,62.726,56.911,2.444,5.815
1,11,145.611,147.599,71.936,70.597,-1.988,1.339
1,12,170.17,166.42,74.129,83.689,3.75,-9.56
1,13,179.694,179.885,70.504,66.055,-0.191,4.449
1,14,177.216,178.054,65.372,52.576,-0.838,12.796
2,0,132.519,146.311,72.488,63.2,-13.792,9.288
2,1,125.477,140.816,83.107,58.995,-15.339,24.112
2,2,118.055,132.094,80.079,73.071,-14.039,7.008
2,3,108.005,119.253,68.186,65.217,-11.248,2.969
2,4,100.446,110.543,74.946,67.922,-10.097,7.024
2,5,90.678,101.111,71.826,125.879,-10.433,-54.053
2,6,82.652,95.567,74.778,103.76,-12.915,-28.982
2,7,73.949,81.025,70.56,95.368,-7.076,-24.808
2,8,65.189,62.421,99.8,92.011,2.768,7.789
2,9,67.14,60.464,80.527,92.16,6.676,-11.633
2,10,74.747,67.231,58.069,75.618,7.516,-17.549
2,11,100.952,96.985,66.927,153.32,3.967,-86.393
2,12,145.187,141.84,70.074,64.67,3.347,5.404
2,13,170.786,168.598,71.911,51.046,2.188,20.865
2,14,179.356,177.676,71.763,35.022,1.68,36.741
5,0,131.253,147.885,70.825,60.286,-16.632,10.539
5,1,123.609,140.733,75.069,61.888,-17.124,13.181
5,2,113.007,129.01,81.643,73.217,-16.003,8.426
5,3,104.953,118.915,71.8,69.403,-13.962,2.397
5,4,94.149,108.445,74.59,69.385,-14.296,5.205
5,5,87.813,94.846,75.687,77.662,-7.033,-1.975
5,6,78.561,86.629,77.358,94.587,-8.068,-17.229
5,7,72.569,76.174,105.975,88.343,-3.605,17.632
5,8,71.24,71.78,93.088,95.898,-0.54,-2.81
5,9,72.644,78.471,77.038,79.66,-5.827,-2.622
5,10,94.861,90.68,60.685,62.169,4.181,-1.484
5,11,133.811,134.566,70.423,59.468,-0.755,10.955
5,12,164.836,167.528,76.601,65.268,-2.692,11.333
5,13,178.698,175.275,68.796,69.785,3.423,-0.989
5,14,179.398,179.951,77.958,62.127,-0.553,15.831
6,0,80.431,93.631,73.139,85.376,-13.2,-12.237
6,1,72.322,81.692,69.097,88.18,-9.37,-19.083
6,2,68.302,73.929,95.34,90.81,-5.627,4.53
6,3,69.209,69.16,88.385,85.428,0.049,2.957
6,4,78.118,73.763,82.891,74.361,4.355,8.53
6,5,106.486,98.778,70.59,58.37,7.708,12.22
6,6,146.942,148.701,72.588,65.574,-1.759,7.014
6,7,170.147,170.503,85.811,65.34,-0.356,20.471
6,8,179.932,178.624,79.581,64.975,1.308,14.606
6,9,177.035,176.31,66.774,58.376,0.725,8.398
13,0,64.887,70.413,97.543,83.192,-5.526,14.351
13,1,58.859,60.943,88.672,79.179,-2.084,9.493
13,2,60.325,59.823,76.332,62.31,0.502,14.022
13,3,73.05,80.503,61.007,52.724,-7.453,8.283
13,4,106.348,112.411,60.576,52.872,-6.063,7.704
13,5,144.166,148.137,74.854,72.941,-3.971,1.913
14,0,72.474,73.978,1.324,79.32,-1.504,-77.996
14,1,66.112,64.94,109.992,80.291,1.172,29.701
14,2,66.629,66.946,173.291,68.475,-0.317,104.816
14,3,86.792,88.568,42.411,59.61,-1.776,-17.199
14,4,124.739,124.696,59.429,57.534,0.043,1.895
14,5,163.895,156.844,145.438,82.066,7.051,63.372
14,6,175.835,174.078,14.03,80.072,1.757,-66.042
15,0,66.185,67.34,94.766,81.452,-1.155,13.314
15,1,62.803,63.696,80.555,70.798,-0.893,9.757
15,2,71.755,74.028,62.015,55.662,-2.273,6.353
15,3,103.004,106.652,71.285,58.968,-3.648,12.317
15,4,138.012,144.315,82.376,62.466,-6.303,19.91
15,5,167.703,167.64,87.686,71.632,0.063,16.054
16,0,72.279,77.195,95.018,84.13,-4.916,10.888
16,1,67.824,68.157,89.673,76.973,-0.333,12.7
16,2,69.938,71.6,73.531,66.135,-1.662,7.396
16,3,88.209,89.247,63.748,59.771,-1.038,3.977
16,4,121.127,124.113,76.418,54.94,-2.986,21.478
16,5,159.474,159.31,88.174,55.519,0.164,32.655
16,6,166.696,174.778,96.614,82.827,-8.082,13.787
16,7,178.918,172.793,91.909,170.862,6.125,-78.953
17,0,67.736,74.318,87.738,76.716,-6.582,11.022
17,1,61.831,64.183,76.923,74.275,-2.352,2.648
17,2,64.932,67.377,70.05,63.482,-2.445,6.568
17,3,85.474,91.303,64.018,58.725,-5.829,5.293
17,4,118.422,129.854,70.333,33.644,-11.432,36.689
17,5,151.374,153.569,80.283,56.384,-2.195,23.899
17,6,168.769,167.896,87.554,99.543,0.873,-11.989
18,0,73.107,77.105,88.247,81.007,-3.998,7.24
18,1,69.843,75.184,81.428,63.493,-5.341,17.935
18,2,76.239,81.499,68.795,59.442,-5.26,9.353
18,3,102.478,104.65,70.646,60.069,-2.172,10.577
18,4,136.637,142.359,78.405,46.03,-5.722,32.375
18,5,162.377,157.137,103.04,74.787,5.24,28.253
18,6,171.811,173.477,97.061,69.881,-1.666,27.18
19,0,64.165,64.369,99.345,94.917,-0.204,4.428
19,1,58.676,59.252,97.134,75.147,-0.576,21.987
19,2,63.723,68.664,70.465,64.446,-4.941,6.019
19,3,86.604,94.294,58.547,60.314,-7.69,-1.767
19,4,118.564,136.098,71.765,52.205,-17.534,19.56
19,5,156.506,160.957,86.795,71.923,-4.451,14.872
19,6,167.624,174.313,108.741,81.525,-6.689,27.216
20,0,66.07,71.459,90.412,87.023,-5.389,3.389
20,1,62.013,63.731,78.582,76.587,-1.718,1.995
20,2,62.554,67.017,67.696,60.97,-4.463,6.726
20,3,83.399,90.258,61.572,56.334,-6.859,5.238
20,4,116.727,125.705,72.243,52.515,-8.978,19.728
20,5,146.887,152.242,82.773,63.711,-5.355,19.062
20,6,162.865,168.767,87.733,108.03,-5.902,-20.297
21,0,59.889,63.838,85.035,76.096,-3.949,8.939
21,1,58.711,59.744,69.191,63.248,-1.033,5.943
21,2,67.319,74.44,48.859,50.116,-7.121,-1.257
21,3,93.749,105.205,62.887,48.93,-11.456,13.957
21,4,127.68,136.429,71.456,62.686,-8.749,8.77
21,5,155.336,160.978,106.266,69.451,-5.642,36.815
21,6,171.449,173.094,113.67,97.976,-1.645,15.694
22,0,68.14,73.724,101.825,80.122,-5.584,21.703
22,1,64.342,69.051,88.108,73.049,-4.709,15.059
22,2,71.601,73.247,76.242,58.695,-1.646,17.547
22,3,93.203,97.755,68.878,60.39,-4.552,8.488
22,4,124.391,137.559,76.622,59.073,-13.168,17.549
22,5,154.976,159.107,93.185,63.856,-4.131,29.329
22,6,165.527,174.423,97.038,96.412,-8.896,0.626
23,0,66.386,69.432,93.449,85.033,-3.046,8.416
23,1,63.189,66.879,74.232,63.856,-3.69,10.376
23,2,73.544,76.317,67.803,55.343,-2.773,12.46
23,3,100.985,111.695,71.587,36.863,-10.71,34.724
23,4,139.849,147.453,82.048,65.312,-7.604,16.736
23,5,159.947,162.842,106.671,82.489,-2.895,24.182
23,6,173.224,174.961,100.592,74.937,-1.737,25.655
24,0,75.789,76.576,76.871,80.702,-0.787,-3.831
24,1,74.342,68.933,78.044,72.448,5.409,5.596
24,2,82.904,79.63,66.108,60.796,3.274,5.312
24,3,106.37,104.989,56.934,62.281,1.381,-5.347
24,4,139.809,136.219,65.464,72.61,3.59,-7.146
24,5,155.821,156.059,80.791,74.855,-0.238,5.936
24,6,173.057,169.698,74.595,63.346,3.359,11.249
24,7,176.063,178.848,68.702,38.949,-2.785,29.753
25,0,76.014,78.62,80.114,87.452,-2.606,-7.338
25,1,75.193,72.989,85.239,71.7,2.204,13.539
25,2,78.837,77.962,82.979,67.999,0.875,14.98
25,3,99.375,93.189,58.169,59.295,6.186,-1.126
25,4,124.735,123.977,71.144,59.197,0.758,11.947
25,5,146.389,143.854,77.707,72.374,2.535,5.333
25,6,163.082,163.619,85.542,74.466,-0.537,11.076
25,7,176.919,172.813,73.142,103.636,4.106,-30.494
25,8,175.512,172.183,62.197,52.012,3.329,10.185
25,9,173.671,168.178,62.631,54.249,5.493,8.382
26,0,76.505,83.133,84.077,91.783,-6.628,-7.706
26,1,68.847,69.98,81.444,76.682,-1.133,4.762
26,2,68.823,66.613,78.517,74.716,2.21,3.801
26,3,78.824,74.963,76.452,58.178,3.861,18.274
26,4,108.475,103.477,56.796,57.402,4.998,-0.606
26,5,136.833,134.399,74.644,77.05,2.434,-2.406
26,6,150.159,152.683,79.753,86.219,-2.524,-6.466
26,7,172.214,170.171,64.977,69.453,2.043,-4.476
27,0,84.929,91.861,72.897,105.168,-6.932,-32.271
27,1,83.304,83.115,99.515,92.635,0.189,6.88
27,2,83.774,80.161,85.358,78.258,3.613,7.1
27,3,95.87,90.1,74.068,65.192,5.77,8.876
27,4,122.072,115.573,61.077,54.2,6.499,6.877
27,5,148.546,137.825,79.672,72.628,10.721,7.044
27,6,167.559,158.408,74.468,74.261,9.151,0.207
27,7,171.977,176.485,77.062,78.522,-4.508,-1.46
27,8,167.17,176.483,60.117,47.334,-9.313,12.783
27,9,173.513,174.109,61.408,48.526,-0.596,12.882
27,10,177.403,177.214,62.233,57.03,0.189,5.203
28,0,81.914,82.96,87.709,94.119,-1.046,-6.41
28,1,80.48,78.932,83.042,76.737,1.548,6.305
28,2,90.667,86.796,79.128,67.797,3.871,11.331
28,3,117.74,115.963,62.566,58.931,1.777,3.635
28,4,145.181,144.249,74.45,79.167,0.932,-4.717
28,5,159.674,162.772,76.939,92.139,-3.098,-15.2
28,6,177.402,175.302,77.543,123.786,2.1,-46.243
28,7,173.97,168.612,69.634,51.735,5.358,17.899
28,8,170.378,165.373,55.929,60.027,5.005,-4.098
29,0,83.895,89.648,87.67,98.718,-5.753,-11.048
29,1,76.91,75.806,90.964,86.25,1.104,4.714
29,2,77.122,73.386,83.842,86.749,3.736,-2.907
29,3,86.089,81.96,74.282,65.095,4.129,9.187
29,4,115.398,108.484,60.901,54.046,6.914,6.855
29,5,144.001,136.476,73.909,75.748,7.525,-1.839
29,6,156.053,154.216,79.228,67.183,1.837,12.045
29,7,172.936,168.925,74.037,76.295,4.011,-2.258
29,8,179.202,174.858,68.277,73.896,4.344,-5.619
31,0,84.569,90.278,80.172,93.772,-5.709,-13.6
31,1,80.585,81.733,88.248,97.561,-1.148,-9.313
31,2,88.152,84.898,90.556,79.522,3.254,11.034
31,3,102.478,97.701,61.641,59.135,4.777,2.506
31,4,130.783,126.455,56.087,61.35,4.328,-5.263
31,5,153.798,148.651,65.375,63.398,5.147,1.977
31,6,172.696,165.164,71.895,80.897,7.532,-9.002
31,7,177.625,175.351,68.055,70.824,2.274,-2.769
31,8,172.76,178.14,64.863,45.327,-5.38,19.536
32,0,86.913,91.94,83.758,89.271,-5.027,-5.513
32,1,81.022,84.448,86.746,92.761,-3.426,-6.015
32,2,87.223,83.691,86.119,90.796,3.532,-4.677
32,3,93.7,91.48,87.369,72.832,2.22,14.537
32,4,118.77,117.946,70.536,57.696,0.824,12.84
32,5,147.136,144.059,77.998,75.305,3.077,2.693
32,6,159.062,159.917,72.045,80.913,-0.855,-8.868
32,7,179.52,175.758,77.294,80.841,3.762,-3.547
32,8,172.708,176.112,66.375,46.38,-3.404,19.995
32,9,174.586,172.897,58.799,41.592,1.689,17.207
32,10,179.489,178.145,62.18,47.801,1.344,14.379
33,0,79.492,83.809,87.218,98.478,-4.317,-11.26
33,1,78.218,77.783,83.802,84.418,0.435,-0.616
33,2,84.672,82.04,68.558,68.722,2.632,-0.164
33,3,104.423,100.389,62.661,60.469,4.034,2.192
33,4,136.005,131.776,70.65,65.71,4.229,4.94
33,5,153.362,151.996,66.671,73.838,1.366,-7.167
33,6,170.943,170.323,76.202,84.54,0.62,-8.338
33,7,179.325,174.567,76.396,102.201,4.758,-25.805
33,8,176.048,173.642,62.569,55.909,2.406,6.66
33,9,178.799,174.254,60.438,55.757,4.545,4.681
33,10,176.769,179.694,55.721,58.919,-2.925,-3.198
34,0,86.005,91.78,82.449,93.953,-5.775,-11.504
34,1,83.709,82.832,90.567,100.28,0.877,-9.713
34,2,83.428,79.619,92.849,81.82,3.809,11.029
34,3,96.264,89.685,69.807,66.129,6.579,3.678
34,4,126.572,116.113,61.719,64.226,10.459,-2.507
34,5,148.57,144.808,80.719,73.954,3.762,6.765
34,6,169.333,160.906,80.387,75.874,8.427,4.513
34,7,176.914,176.784,78.619,80.671,0.13,-2.052
34,8,169.219,178.75,68.65,68.665,-9.531,-0.015
34,9,174.894,174.899,53.958,40.392,-0.005,13.566
34,10,178.388,177.529,60.67,45.181,0.859,15.489
35,0,77.794,83.809,78.221,103.793,-6.015,-25.572
35,1,70.22,70.15,84.492,93.206,0.07,-8.714
35,2,73.159,66.993,84.413,72.455,6.166,11.958
35,3,83.482,80.412,70.233,68.344,3.07,1.889
35,4,113.086,116.344,60.626,62.024,-3.258,-1.398
35,5,144.139,140.075,76.239,67.479,4.064,8.76
35,6,157.863,156.754,68.697,72.238,1.109,-3.541
35,7,179.13,176.149,74.422,92.786,2.981,-18.364
36,0,86.905,93.87,86.975,97.872,-6.965,-10.897
36,1,79.7,84.019,92.141,91.299,-4.319,0.842
36,2,81.426,84.485,92.355,81.688,-3.059,10.667
36,3,93.063,95.673,75.261,72.187,-2.61,3.074
36,4,125.947,124.718,64.36,55.128,1.229,9.232
36,5,144.879,147.714,61.806,74.442,-2.835,-12.636
36,6,163.851,161.257,69.666,72.802,2.594,-3.136
36,7,178.454,175.812,76.646,80.069,2.642,-3.423
36,8,176.544,177.766,66.711,88.868,-1.222,-22.157
36,9,176.125,178.311,64.32,47.071,-2.186,17.249
36,10,178.028,177.898,68.338,42.155,0.13,26.183
38,0,97.546,104.215,100.603,95.51,-6.669,5.093
38,1,89.815,90.978,81.218,103.736,-1.163,-22.518
38,2,95.552,93.913,77.924,75.327,1.639,2.597
38,3,113.388,111.137,67.08,56.235,2.251,10.845
38,4,143.065,138.731,64.332,57.451,4.334,6.881
38,5,162.551,161.147,74.927,74.512,1.404,0.415
38,6,176.828,173.136,75.383,77.893,3.692,-2.51
38,7,175.251,177.577,72.641,64.389,-2.326,8.252
38,8,174.013,178.227,57.178,55.61,-4.214,1.568
38,9,177.641,179.529,63.595,53.56,-1.888,10.035
39,0,85.147,88.506,75.989,79.741,-3.359,-3.752
39,1,77.67,79.021,61.797,63.891,-1.351,-2.094
39,2,80.289,75.398,58.251,64.185,4.891,-5.934
39,3,94.906,117.009,57.563,176.205,-22.103,-118.642
39,4,115.836,125.142,63.476,58.44,-9.306,5.036
39,5,151.357,147.432,86.444,49.761,3.925,36.683
39,6,161.589,165.529,88.146,85.76,-3.94,2.386
40,0,80.474,86.257,66.32,60.854,-5.783,5.466
40,1,75.583,75.442,56.148,51.938,0.141,4.21
40,2,82.998,77.563,56.699,58.697,5.435,-1.998
40,3,103.509,106.469,58.775,46.641,-2.96,12.134
40,4,139.816,133.327,67.138,61.359,6.489,5.779
40,5,149.995,153.608,94.204,75.32,-3.613,18.884
40,6,163.843,165.45,91.059,83.744,-1.607,7.315
41,0,84.418,87.494,60.068,62.526,-3.076,-2.458
41,1,80.638,78.207,58.468,64.567,2.431,-6.099
41,2,85.077,79.511,56.832,58.78,5.566,-1.948
41,3,101.909,103.732,57.353,53.567,-1.823,3.786
41,4,130.686,137.268,78.652,50.977,-6.582,27.675
41,5,148.642,147.405,106.034,70.436,1.237,35.598
41,6,166.316,166.457,95.401,85.391,-0.141,10.01
42,0,83.587,84.497,63.46,55.393,-0.91,8.067
42,1,81.233,79.722,62.195,56.774,1.511,5.421
42,2,89.842,85.284,63.028,58.451,4.558,4.577
42,3,111.915,109.982,74.585,58.052,1.933,16.533
42,4,144.031,146.129,83.882,62.949,-2.098,20.933
43,0,80.482,86.723,57.853,66.109,-6.241,-8.256
43,1,73.131,74.499,69.514,50.281,-1.368,19.233
43,2,72.905,69.373,60.773,53.135,3.532,7.638
43,3,84.533,109.344,62.297,38.711,-24.811,23.586
43,4,110.137,141.661,63.825,68.137,-31.524,-4.312
43,5,138.256,141.968,77.686,72.964,-3.712,4.722
43,6,152.309,144.713,87.928,69.233,7.596,18.695
43,7,164.144,163.552,85.138,95.412,0.592,-10.274
43,8,170.353,168.273,80.771,63.07,2.08,17.701
45,0,82.394,87.938,60.398,52.913,-5.544,7.485
45,1,79.648,79.602,62.348,50.185,0.046,12.163
45,2,82.341,80.105,49.826,49.33,2.236,0.496
45,3,98.68,93.142,55.334,48.172,5.538,7.162
45,4,120.952,128.201,64.884,39.689,-7.249,25.195
45,5,143.347,152.049,94.307,78.121,-8.702,16.186
45,6,158.982,166.748,89.51,92.021,-7.766,-2.511
45,7,166.339,172.546,88.519,82.529,-6.207,5.99
46,0,74.535,81.835,63.417,58.557,-7.3,4.86
46,1,74.329,71.882,60.068,44.293,2.447,15.775
46,2,79.981,75.633,55.463,46.155,4.348,9.308
46,3,102.245,101.575,52.141,46.627,0.67,5.514
46,4,127.893,139.83,56.37,62.78,-11.937,-6.41
46,5,151.299,159.451,76.901,65.828,-8.152,11.073
46,6,160.27,158.058,81.767,139.321,2.212,-57.554
46,7,171.208,170.05,68.967,139.943,1.158,-70.976
46,8,177.456,174.878,69.966,53.084,2.578,16.882
46,9,176.174,175.446,59.9,26.62,0.728,33.28
47,0,85.405,87.066,62.967,58.561,-1.661,4.406
47,1,87.456,83.826,58.027,44.967,3.63,13.06
47,2,99.528,91.725,72.368,88.453,7.803,-16.085
47,3,124.707,138.218,79.208,54.415,-13.511,24.793
47,4,149.313,153.813,96.282,66.07,-4.5,30.212
47,5,158.13,168.767,73.053,87.621,-10.637,-14.568
47,6,167.095,174.161,78.525,73.471,-7.066,5.054
47,7,176.239,178.375,64.301,53.451,-2.136,10.85
48,0,90.136,95.217,62.376,60.847,-5.081,1.529
48,1,81.822,83.67,63.526,56.615,-1.848,6.911
48,2,85.863,85.086,58.831,50.178,0.777,8.653
48,3,97.972,98.66,59.826,49.045,-0.688,10.781
48,4,121.473,136.395,58.345,50.135,-14.922,8.21
48,5,143.399,150.121,78.231,65.567,-6.722,12.664
48,6,157.481,167.595,88.852,97.545,-10.114,-8.693
48,7,172.579,175.845,75.073,90.71,-3.266,-15.637
48,8,179.096,175.329,79.549,66.279,3.767,13.27
48,9,174.595,169.172,63.811,60.768,5.423,3.043
48,10,176.91,170.244,65.598,61.824,6.666,3.774
49,0,88.475,99.053,106.829,88.414,-10.578,18.415
49,1,84.378,89.836,116.326,99.088,-5.458,17.238
49,2,82.709,82.879,93.807,89.304,-0.17,4.503
49,3,91.129,94.251,96.375,84.399,-3.122,11.976
49,4,112.964,118.186,89.352,58.267,-5.222,31.085
49,5,148.975,140.884,77.855,57.651,8.091,20.204
49,6,169.481,164.279,89.516,78.033,5.202,11.483
49,7,173.347,177.239,100.672,101.179,-3.892,-0.507
49,8,171.906,170.708,119.465,77.358,1.198,42.107
49,9,175.906,168.536,123.018,92.928,7.37,30.09
49,10,178.878,171.348,109.654,88.838,7.53,20.816
49,11,176.257,177.454,80.977,66.756,-1.197,14.221
50,0,90.956,101.314,103.366,99.159,-10.358,4.207
50,1,87.092,96.61,108.854,105.578,-9.518,3.276
50,2,85.232,88.409,101.942,86.989,-3.177,14.953
50,3,94.126,97.005,90.416,83.177,-2.879,7.239
50,4,113.708,120.767,93.437,58.321,-7.059,35.116
50,5,143.228,153.068,83.049,67.286,-9.84,15.763
50,6,165.929,162.851,84.661,83.209,3.078,1.452
50,7,176.861,179.73,88.094,98.063,-2.869,-9.969
50,8,175.636,175.648,109.063,76.061,-0.012,33.002
50,9,176.84,174.548,91.504,56.808,2.292,34.696
50,10,178.451,171.004,88.193,56.438,7.447,31.755
50,11,175.948,171.796,71.834,49.64,4.152,22.194
50,12,175.888,179.892,53.645,47.541,-4.004,6.104
50,13,172.605,175.363,48.312,46.315,-2.758,1.997
50,14,167.284,168.883,46.412,51.992,-1.599,-5.58
50,15,158.514,157.498,45.356,51.2,1.016,-5.844
51,0,92.894,105.677,90.794,105.265,-12.783,-14.471
51,1,89.663,102.594,105.389,80.826,-12.931,24.563
51,2,91.7,99.974,106.186,84.492,-8.274,21.694
51,3,94.75,100.274,98.409,82.843,-5.524,15.566
51,4,108.421,115.31,91.49,71.536,-6.889,19.954
51,5,134.345,141.833,80.672,60.319,-7.488,20.353
51,6,155.39,162.449,68.663,64.057,-7.059,4.606
51,7,171.82,175.601,65.485,85.824,-3.781,-20.339
51,8,179.94,178.31,80.071,71.858,1.63,8.213
51,9,179.366,174.791,70.672,52.969,4.575,17.703
51,10,174.272,175.324,66.122,52.808,-1.052,13.314
51,11,167.713,177.463,57.611,48.962,-9.75,8.649
51,12,165.995,173.145,57.595,50.657,-7.15,6.938
52,0,91.945,99.637,100.199,96.897,-7.692,3.302
52,1,93.738,95.468,103.431,86.771,-1.73,16.66
52,2,91.006,93.339,89.745,88.261,-2.333,1.484
52,3,106.481,113.25,82.279,76.979,-6.769,5.3
52,4,129.051,129.48,76.147,55.394,-0.429,20.753
52,5,154.21,147.604,61.428,63.713,6.606,-2.285
52,6,166.742,166.283,92.071,87.893,0.459,4.178
52,7,177.55,177.915,91.764,154.628,-0.365,-62.864
52,8,171.481,176.283,93.074,102.389,-4.802,-9.315
52,9,174.709,173.628,81.367,64.764,1.081,16.603
52,10,179.571,173.578,88.409,56.85,5.993,31.559
53,0,94.956,100.228,96.114,94.537,-5.272,1.577
53,1,102.593,102.752,94.819,84.87,-0.159,9.949
53,2,110.635,112.971,88.187,58.331,-2.336,29.856
53,3,132.29,140.864,97.729,61.343,-8.574,36.386
53,4,159.102,157.698,84.487,75.193,1.404,9.294
53,5,176.871,173.472,66.89,113.268,3.399,-46.378
53,6,173.911,177.785,69.816,51.685,-3.874,18.131
53,7,175.2,169.985,82.701,74.796,5.215,7.905
53,8,179.223,177.924,71.259,70.49,1.299,0.769
53,9,176.042,173.657,92.865,76.874,2.385,15.991
54,0,96.417,107.423,93.914,86.563,-11.006,7.351
54,1,93.146,101.959,96.565,79.91,-8.813,16.655
54,2,92.088,100.359,94.665,76.8,-8.271,17.865
54,3,100.004,104.354,85.923,91.944,-4.35,-6.021
54,4,117.101,122.756,76.852,56.084,-5.655,20.768
54,5,141.775,150.358,102.909,72.821,-8.583,30.088
54,6,163.558,158.682,82.387,65.451,4.876,16.936
54,7,174.949,173.24,81.066,99.887,1.709,-18.821
54,8,175.406,177.949,98.341,71.539,-2.543,26.802
54,9,176.111,173.65,91.647,68.705,2.461,22.942
54,10,179.383,169.423,91.694,60.392,9.96,31.302
55,0,90.133,97.688,86.227,89.927,-7.555,-3.7
55,1,87.013,98.23,88.388,77.413,-11.217,10.975
55,2,91.692,95.407,97.467,83.374,-3.715,14.093
55,3,94.61,102.307,93.215,85.93,-7.697,7.285
55,4,114.135,118.813,100.416,62.06,-4.678,38.356
55,5,144.518,152.009,91.706,66.179,-7.491,25.527
55,6,162.034,159.919,99.507,66.699,2.115,32.808
55,7,179.787,179.267,80.586,90.308,0.52,-9.722
55,8,178.826,173.233,89.082,70.52,5.593,18.562
55,9,177.133,170.669,70.655,47.421,6.464,23.234
56,0,106.72,106.712,91.42,88.852,0.008,2.568
56,1,111.238,114.123,116.208,94.713,-2.885,21.495
56,2,123.289,121.639,104.584,97.33,1.65,7.254
56,3,139.393,140.185,102.259,58.065,-0.792,44.194
56,4,159.189,158.67,86.495,73.835,0.519,12.66
56,5,175.148,162.165,53.185,81.889,12.983,-28.704
56,6,176.057,175.395,78.185,64.556,0.662,13.629
56,7,171.716,170.036,112.875,101.184,1.68,11.691
56,8,175.799,175.803,101.439,90.612,-0.004,10.827
57,0,97.673,107.375,75.754,85.786,-9.702,-10.032
57,1,102.599,106.761,98.13,81.761,-4.162,16.369
57,2,100.583,103.595,107.736,74.313,-3.012,33.423
57,3,111.387,113.7,83.698,90.315,-2.313,-6.617
57,4,123.82,128.147,92.454,57.036,-4.327,35.418
57,5,148.558,151.981,92.461,71.704,-3.423,20.757
57,6,169.214,166.166,75.491,97.837,3.048,-22.346
57,7,173.886,178.288,79.785,88.962,-4.402,-9.177
57,8,176.109,171.383,93.348,54.558,4.726,38.79
58,0,81.811,90.009,88.607,86.667,-8.198,1.94
58,1,78.267,86.362,95.519,83.245,-8.095,12.274
58,2,81.478,82.121,89.973,87.564,-0.643,2.409
58,3,86.69,88.044,81.284,75.374,-1.354,5.91
58,4,104.186,105.514,85.884,66.682,-1.328,19.202
58,5,133.224,138.463,81.801,64.806,-5.239,16.995
58,6,157.156,157.464,92.618,61.142,-0.308,31.476
58,7,172.737,174.106,96.215,83.386,-1.369,12.829
58,8,177.567,176.243,89.016,77.161,1.324,11.855
58,9,178.376,177.803,72.239,46.338,0.573,25.901
58,10,179.188,174.306,66.357,48.936,4.882,17.421
58,11,176.431,176.642,68.725,53.375,-0.211,15.35
58,12,174.081,173.42,65.395,54.344,0.661,11.051
58,13,172.324,174.057,64.054,60.948,-1.733,3.106
58,14,169.499,173.273,67.044,52.718,-3.774,14.326
58,15,165.398,170.376,64.527,55.387,-4.978,9.14
58,16,161.961,167.961,56.675,55.331,-6.0,1.344
58,17,163.367,166.997,55.903,52.713,-3.63,3.19
58,18,161.378,165.668,57.746,58.092,-4.29,-0.346
58,19,159.029,164.454,62.849,54.153,-5.425,8.696
59,0,90.478,95.019,88.112,71.055,-4.541,17.057
59,1,92.778,92.529,99.774,79.365,0.249,20.409
59,2,93.543,90.307,99.011,92.312,3.236,6.699
59,3,106.358,103.015,85.48,82.689,3.343,2.791
59,4,127.122,126.974,86.404,57.804,0.148,28.6
59,5,153.225,154.657,97.562,74.455,-1.432,23.107
59,6,175.446,169.141,71.644,80.37,6.305,-8.726
59,7,173.014,178.974,82.705,76.426,-5.96,6.279
59,8,174.577,176.883,79.712,50.619,-2.306,29.093
59,9,179.033,174.807,84.126,57.758,4.226,26.368
59,10,176.869,176.952,77.407,60.919,-0.083,16.488
59,11,174.074,174.818,65.82,51.243,-0.744,14.577
59,12,171.814,174.437,55.974,49.472,-2.623,6.502
59,13,169.274,175.368,42.925,50.48,-6.094,-7.555
59,14,165.84,171.667,43.908,50.128,-5.827,-6.22
59,15,163.243,169.262,45.0,45.855,-6.019,-0.855
60,0,94.228,102.627,80.397,89.369,-8.399,-8.972
60,1,96.398,99.154,100.042,90.244,-2.756,9.798
60,2,93.601,92.71,103.456,87.525,0.891,15.931
60,3,95.918,96.625,91.598,77.267,-0.707,14.331
60,4,112.118,112.59,87.443,66.464,-0.472,20.979
60,5,145.957,147.155,89.469,65.264,-1.198,24.205
60,6,165.337,159.589,83.01,67.264,5.748,15.746
60,7,177.628,175.094,71.555,76.551,2.534,-4.996
60,8,174.524,175.039,78.114,173.416,-0.515,-95.302
60,9,175.692,174.104,96.913,66.072,1.588,30.841
60,10,179.231,173.958,96.959,62.68,5.273,34.279
60,11,176.951,174.921,80.153,61.908,2.03,18.245
62,0,79.828,86.864,78.234,63.621,-7.036,14.613
62,1,72.911,76.364,77.953,67.12,-3.453,10.833
62,2,78.164,79.204,65.865,62.031,-1.04,3.834
62,3,89.886,97.796,71.318,56.264,-7.91,15.054
62,4,109.102,110.469,60.333,56.805,-1.367,3.528
62,5,137.501,136.795,59.068,61.208,0.706,-2.14
62,6,162.643,155.69,61.444,75.124,6.953,-13.68
62,7,174.87,176.151,71.255,75.789,-1.281,-4.534
63,0,78.27,87.639,74.228,69.054,-9.369,5.174
63,1,79.547,81.241,78.672,70.003,-1.694,8.669
63,2,82.581,83.687,81.043,70.735,-1.106,10.308
63,3,92.602,94.19,69.721,62.728,-1.588,6.993
63,4,114.639,114.911,60.866,61.326,-0.272,-0.46
63,5,135.434,137.382,77.371,60.284,-1.948,17.087
63,6,153.623,159.991,72.173,75.927,-6.368,-3.754
63,7,173.619,173.486,82.435,74.429,0.133,8.006
64,0,79.454,82.743,78.762,68.092,-3.289,10.67
64,1,75.03,76.874,83.653,64.146,-1.844,19.507
64,2,79.182,82.127,73.371,56.583,-2.945,16.788
64,3,98.607,96.846,67.479,59.288,1.761,8.191
64,4,122.261,122.001,69.43,61.709,0.26,7.721
64,5,142.142,146.217,76.668,55.375,-4.075,21.293
64,6,165.672,165.729,76.485,78.024,-0.057,-1.539
65,0,72.893,82.704,74.325,69.883,-9.811,4.442
65,1,77.842,77.412,63.674,56.814,0.43,6.86
65,2,86.827,84.678,66.378,51.501,2.149,14.877
65,3,104.488,103.816,66.429,60.585,0.672,5.844
65,4,125.124,127.256,68.564,58.037,-2.132,10.527
65,5,142.955,143.854,62.642,54.378,-0.899,8.264
65,6,156.438,160.741,77.437,76.784,-4.303,0.653
65,7,169.063,166.527,78.595,53.835,2.536,24.76
66,0,63.441,73.613,81.991,87.75,-10.172,-5.759
66,1,66.296,68.145,82.214,64.638,-1.849,17.576
66,2,71.806,70.148,66.636,57.422,1.658,9.214
66,3,83.748,86.98,66.903,50.523,-3.232,16.38
66,4,110.419,117.016,73.449,51.994,-6.597,21.455
66,5,136.329,139.351,71.529,67.461,-3.022,4.068
66,6,156.835,166.146,87.112,67.616,-9.311,19.496
68,0,55.748,68.244,78.581,82.246,-12.496,-3.665
68,1,55.149,65.318,84.389,73.74,-10.169,10.649
68,2,63.673,65.891,85.567,61.359,-2.218,24.208
68,3,78.014,74.675,71.564,69.784,3.339,1.78
68,4,94.095,95.278,88.331,65.159,-1.183,23.172
68,5,113.392,119.938,69.403,60.558,-6.546,8.845
68,6,131.39,141.273,138.612,41.366,-9.883,97.246
68,7,152.095,163.357,86.116,72.931,-11.262,13.185
70,0,68.814,78.805,78.318,52.869,-9.991,25.449
70,1,70.517,74.354,77.375,64.939,-3.837,12.436
70,2,78.26,80.996,89.931,61.083,-2.736,28.848
70,3,87.017,90.31,75.785,61.346,-3.293,14.439
70,4,105.517,106.438,67.358,58.853,-0.921,8.505
70,5,125.515,133.499,74.535,69.166,-7.984,5.369
70,6,143.767,153.647,76.545,67.161,-9.88,9.384
70,7,164.241,173.633,76.514,65.718,-9.392,10.796
71,0,61.154,66.096,71.655,78.776,-4.942,-7.121
71,1,53.537,61.356,80.734,80.026,-7.819,0.708
71,2,56.722,60.215,80.744,75.57,-3.493,5.174
71,3,60.274,65.177,80.729,56.308,-4.903,24.421
71,4,72.401,82.685,75.099,49.788,-10.284,25.311
71,5,97.634,106.427,74.653,56.033,-8.793,18.62
71,6,128.108,133.933,72.366,64.655,-5.825,7.711
71,7,150.161,164.322,84.082,66.707,-14.161,17.375
71,8,163.467,179.283,117.104,74.597,-15.816,42.507
72,0,57.297,65.885,79.815,73.692,-8.588,6.123
72,1,59.551,63.692,79.529,72.944,-4.141,6.585
72,2,66.939,67.845,70.145,64.206,-0.906,5.939
72,3,81.911,82.202,69.483,62.597,-0.291,6.886
72,4,101.486,102.012,73.238,58.399,-0.526,14.839
72,5,127.733,135.104,70.954,61.432,-7.371,9.522
72,6,154.17,154.593,108.808,64.437,-0.423,44.371
72,7,171.684,177.083,84.12,67.08,-5.399,17.04
73,0,76.741,75.542,63.743,66.391,1.199,-2.648
73,1,73.68,72.815,63.998,63.681,0.865,0.317
73,2,74.109,73.029,49.237,45.934,1.08,3.303
73,3,76.502,77.411,47.611,46.799,-0.909,0.812
73,4,87.194,88.875,54.939,42.455,-1.681,12.484
73,5,102.611,113.064,53.786,51.189,-10.453,2.597
73,6,119.041,124.904,59.582,43.008,-5.863,16.574
73,7,132.254,138.309,71.839,60.193,-6.055,11.646
74,0,59.64,63.261,70.941,71.337,-3.621,-0.396
74,1,52.668,54.559,62.91,67.481,-1.891,-4.571
74,2,46.844,50.702,69.249,51.013,-3.858,18.236
74,3,47.795,51.072,59.172,40.724,-3.277,18.448
74,4,52.777,55.783,47.937,45.527,-3.006,2.41
74,5,67.621,70.918,54.96,53.372,-3.297,1.588
74,6,89.467,99.116,52.351,47.55,-9.649,4.801
74,7,104.005,116.348,64.183,58.8,-12.343,5.383
74,8,121.06,136.731,71.942,52.322,-15.671,19.62
78,0,50.241,53.34,62.944,24.701,-3.099,38.243
78,1,43.936,49.339,68.917,56.531,-5.403,12.386
78,2,41.794,46.195,61.13,4.376,-4.401,56.754
78,3,42.923,46.205,67.42,42.522,-3.282,24.898
78,4,51.401,52.62,48.069,45.328,-1.219,2.741
78,5,60.933,65.407,60.514,45.793,-4.474,14.721
78,6,79.06,82.742,58.792,38.45,-3.682,20.342
78,7,99.61,104.144,65.529,46.567,-4.534,18.962
78,8,113.396,109.645,56.107,50.388,3.751,5.719
78,9,124.963,121.409,73.788,66.03,3.554,7.758
83,0,60.624,67.422,54.913,56.831,-6.798,-1.918
83,1,61.051,62.794,65.39,44.63,-1.743,20.76
83,2,61.352,63.574,63.11,41.61,-2.222,21.5
83,3,69.801,72.194,59.582,49.861,-2.393,9.721
83,4,82.444,88.081,54.453,47.342,-5.637,7.111
83,5,95.059,100.384,57.119,56.19,-5.325,0.929
83,6,108.522,116.289,60.988,45.306,-7.767,15.682
83,7,118.576,127.428,71.702,53.34,-8.852,18.362
83,8,128.984,134.671,79.774,62.419,-5.687,17.355
84,0,43.002,48.895,70.05,75.04,-5.893,-4.99
84,1,38.455,43.313,66.635,61.804,-4.858,4.831
84,2,35.672,39.081,68.389,60.307,-3.409,8.082
84,3,41.256,41.081,53.501,52.92,0.175,0.581
84,4,51.908,54.815,62.776,53.842,-2.907,8.934
84,5,65.754,72.333,65.214,50.295,-6.579,14.919
84,6,88.098,96.744,91.024,58.793,-8.646,32.231
84,7,102.488,112.146,69.187,45.448,-9.658,23.739
85,0,93.461,94.91,60.072,63.209,-1.449,-3.137
85,1,98.392,90.551,52.395,58.002,7.841,-5.607
85,2,111.752,104.273,54.879,55.101,7.479,-0.222
85,3,135.924,132.481,63.038,63.749,3.443,-0.711
85,4,151.595,147.003,61.786,67.466,4.592,-5.68
85,5,171.634,169.833,63.627,78.753,1.801,-15.126
85,6,175.886,173.878,76.154,54.736,2.008,21.418
85,7,172.081,170.057,70.229,54.355,2.024,15.874
86,0,95.499,95.258,51.619,72.589,0.241,-20.97
86,1,95.699,89.065,55.599,66.421,6.634,-10.822
86,2,108.495,99.925,58.078,59.778,8.57,-1.7
86,3,132.09,129.086,47.032,60.441,3.004,-13.409
86,4,149.166,146.338,56.56,70.525,2.828,-13.965
86,5,168.815,165.964,73.544,80.159,2.851,-6.615
86,6,177.997,175.39,67.739,59.528,2.607,8.211
86,7,176.668,169.623,76.292,59.763,7.045,16.529
87,0,96.208,98.057,62.795,57.067,-1.849,5.728
87,1,102.122,97.516,54.436,55.771,4.606,-1.335
87,2,120.385,112.962,51.1,58.228,7.423,-7.128
87,3,143.825,143.669,53.221,62.568,0.156,-9.347
87,4,160.853,146.08,62.194,78.145,14.773,-15.951
87,5,173.137,176.449,69.648,58.774,-3.312,10.874
87,6,179.874,178.316,72.59,59.576,1.558,13.014
88,0,91.206,92.259,60.221,74.589,-1.053,-14.368
88,1,91.663,83.764,59.786,55.103,7.899,4.683
88,2,101.748,93.514,54.916,56.107,8.234,-1.191
88,3,123.882,120.621,47.709,57.07,3.261,-9.361
88,4,147.466,145.921,64.311,66.238,1.545,-1.927
88,5,168.847,140.413,69.889,67.989,28.434,1.9
88,6,179.729,179.282,88.619,48.425,0.447,40.194
88,7,176.49,169.758,86.094,58.338,6.732,27.756
89,0,99.585,106.634,51.561,58.192,-7.049,-6.631
89,1,114.35,121.919,65.43,60.894,-7.569,4.536
89,2,138.126,137.149,60.779,66.124,0.977,-5.345
89,3,155.821,133.554,75.775,69.517,22.267,6.258
89,4,172.084,169.109,65.836,53.295,2.975,12.541
89,5,179.908,178.37,72.763,57.034,1.538,15.729
90,0,89.125,87.738,63.435,60.304,1.387,3.131
90,1,91.012,85.907,60.416,57.276,5.105,3.14
90,2,105.219,97.127,54.17,59.891,8.092,-5.721
90,3,131.438,135.64,66.309,57.634,-4.202,8.675
90,4,156.215,152.8,68.451,60.688,3.415,7.763
90,5,173.065,172.783,74.959,154.558,0.282,-79.599
90,6,177.82,175.601,78.326,64.529,2.219,13.797
91,0,95.6,101.387,55.669,54.081,-5.787,1.588
91,1,107.434,115.652,61.472,51.63,-8.218,9.842
91,2,132.673,129.87,48.383,51.235,2.803,-2.852
91,3,151.244,151.682,62.338,68.903,-0.438,-6.565
91,4,170.93,168.228,67.907,96.062,2.702,-28.155
91,5,179.267,174.18,79.053,55.175,5.087,23.878
91,6,170.021,173.379,68.936,62.061,-3.358,6.875
91,7,171.031,170.877,73.646,58.918,0.154,14.728
92,0,88.95,87.462,73.975,65.71,1.488,8.265
92,1,91.011,85.122,55.932,59.146,5.889,-3.214
92,2,109.47,98.939,69.525,60.855,10.531,8.67
92,3,135.086,137.32,67.453,64.869,-2.234,2.584
92,4,158.051,148.968,64.402,69.255,9.083,-4.853
92,5,173.123,167.91,80.765,91.593,5.213,-10.828
92,6,176.178,174.757,77.636,58.22,1.421,19.416
92,7,174.981,171.179,67.034,59.41,3.802,7.624
93,0,88.714,85.407,62.461,62.21,3.307,0.251
93,1,93.007,82.229,62.486,60.2,10.778,2.286
93,2,109.713,102.52,65.601,56.734,7.193,8.867
93,3,137.794,138.594,56.992,62.129,-0.8,-5.137
93,4,159.335,153.953,72.582,69.212,5.382,3.37
93,5,174.497,166.953,83.642,88.75,7.544,-5.108
94,0,91.807,92.659,71.139,72.886,-0.852,-1.747
94,1,87.644,83.974,68.703,82.195,3.67,-13.492
94,2,94.234,86.243,67.1,66.444,7.991,0.656
94,3,115.173,109.079,59.694,66.391,6.094,-6.697
94,4,141.49,142.7,53.622,65.583,-1.21,-11.961
94,5,161.156,158.49,75.927,91.983,2.666,-16.056
94,6,178.595,178.552,70.771,70.272,0.043,0.499
94,7,172.04,168.588,69.239,53.75,3.452,15.489
94,8,169.848,170.43,64.387,53.506,-0.582,10.881
95,0,92.125,92.878,62.136,74.646,-0.753,-12.51
95,1,96.56,89.873,59.24,61.441,6.687,-2.201
95,2,113.814,102.038,58.859,60.146,11.776,-1.287
95,3,138.658,138.148,63.882,66.625,0.51,-2.743
95,4,159.883,150.292,58.509,67.626,9.591,-9.117
95,5,173.129,170.635,71.952,94.662,2.494,-22.71
95,6,175.914,173.788,78.14,58.194,2.126,19.946
95,7,173.001,172.975,68.104,60.995,0.026,7.109
96,0,92.714,99.297,57.226,59.857,-6.583,-2.631
96,1,103.024,111.986,64.291,56.485,-8.962,7.806
96,2,129.972,125.056,51.948,56.559,4.916,-4.611
96,3,152.11,150.518,65.669,65.512,1.592,0.157
96,4,169.439,164.216,72.436,94.385,5.223,-21.949
96,5,179.83,178.564,70.531,56.701,1.266,13.83
96,6,174.298,174.12,79.0,64.973,0.178,14.027
97,0,87.881,87.242,63.268,54.821,0.639,8.447
97,1,93.445,99.127,58.169,53.041,-5.682,5.128
97,2,115.639,111.403,52.555,52.848,4.236,-0.293
97,3,146.343,140.309,80.762,64.894,6.034,15.868
97,4,162.193,164.939,77.296,73.495,-2.746,3.801
97,5,177.413,174.818,90.373,52.507,2.595,37.866
97,6,175.399,175.371,78.343,62.159,0.028,16.184
98,0,90.295,87.882,64.027,62.775,2.413,1.252
98,1,96.92,99.651,57.352,60.478,-2.731,-3.126
98,2,119.408,111.449,54.968,58.543,7.959,-3.575
98,3,148.657,146.105,60.799,70.58,2.552,-9.781
98,4,165.518,162.57,73.459,92.202,2.948,-18.743
98,5,178.679,179.732,77.636,48.404,-1.053,29.232
98,6,173.18,173.407,80.362,52.977,-0.227,27.385
99,0,90.452,91.465,72.746,77.646,-1.013,-4.9
99,1,86.473,81.042,60.757,71.656,5.431,-10.899
99,2,96.501,88.276,51.89,58.644,8.225,-6.754
99,3,118.724,113.176,58.889,53.166,5.548,5.723
99,4,147.114,144.121,65.476,65.843,2.993,-0.367
99,5,165.992,157.43,69.408,104.012,8.562,-34.604
99,6,177.72,177.66,76.746,64.722,0.06,12.024
99,7,175.499,172.958,71.827,62.468,2.541,9.359
