archivo,frame,angulo_rodilla_izquierda_kinovea,angulo_rodilla_izquierda_mediapipe,diferencia_rodilla_izquierda
1,0,178.52,172.231,6.289
1,1,179.881,173.717,6.164
1,2,176.957,173.677,3.28
1,3,174.238,167.566,6.672
1,4,179.887,179.369,0.518
1,5,177.016,178.455,-1.439
1,6,177.219,179.513,-2.294
1,7,177.001,175.862,1.139
1,8,173.797,176.784,-2.987
1,9,171.24,174.027,-2.787
1,10,174.229,175.198,-0.969
1,11,178.157,176.019,2.138
1,12,177.311,175.937,1.374
1,13,176.59,176.521,0.069
1,14,174.994,173.602,1.392
1,15,178.138,173.558,4.58
1,16,177.857,174.25,3.607
1,17,178.833,170.901,7.932
1,18,175.224,179.395,-4.171
1,19,173.959,179.671,-5.712
1,20,173.022,179.313,-6.291
1,21,173.47,176.443,-2.973
1,22,167.021,174.825,-7.804
1,23,162.783,171.874,-9.091
1,24,161.502,168.229,-6.727
1,25,156.435,162.185,-5.75
1,26,147.544,156.109,-8.565
2,0,177.323,173.969,3.354
2,1,177.237,176.863,0.374
2,2,179.717,179.53,0.187
2,3,178.347,178.553,-0.206
2,4,177.383,177.345,0.038
2,5,176.194,175.498,0.696
2,6,176.53,176.332,0.198
2,7,174.986,173.513,1.473
2,8,174.946,172.948,1.998
2,9,178.615,179.937,-1.322
2,10,177.843,175.449,2.394
2,11,177.223,171.541,5.682
2,12,175.774,171.796,3.978
2,13,175.732,175.592,0.14
2,14,175.732,178.569,-2.837
2,15,176.437,179.33,-2.893
2,16,175.732,173.424,2.308
2,17,178.09,172.797,5.293
2,18,176.468,168.904,7.564
5,0,174.001,177.549,-3.548
5,1,174.738,173.587,1.151
5,2,176.741,173.798,2.943
5,3,177.935,156.137,21.798
5,4,179.945,177.074,2.871
5,5,178.259,177.516,0.743
5,6,176.122,176.731,-0.609
5,7,175.772,175.375,0.397
5,8,173.159,168.972,4.187
5,9,173.184,171.404,1.78
5,10,174.823,179.914,-5.091
5,11,174.797,174.667,0.13
5,12,176.403,175.736,0.667
5,13,176.012,179.193,-3.181
5,14,176.732,177.922,-1.19
5,15,172.166,175.418,-3.252
5,16,174.535,171.582,2.953
5,17,176.755,175.688,1.067
5,18,179.121,176.536,2.585
6,0,167.916,170.885,-2.969
6,1,169.542,171.465,-1.923
6,2,170.299,175.321,-5.022
6,3,172.867,180.0,-7.133
6,4,176.924,178.237,-1.313
6,5,175.863,177.188,-1.325
6,6,176.868,178.39,-1.522
6,7,175.922,174.23,1.692
6,8,173.282,176.748,-3.466
6,9,172.987,179.639,-6.652
6,10,174.513,179.011,-4.498
13,0,178.999,174.492,4.507
13,1,178.496,174.942,3.554
13,2,178.001,174.06,3.941
13,3,177.776,173.144,4.632
13,4,177.057,174.806,2.251
13,5,175.545,176.912,-1.367
13,6,174.824,177.631,-2.807
13,7,173.339,179.901,-6.562
13,8,172.268,177.76,-5.492
14,0,173.334,178.428,-5.094
14,1,174.81,178.494,-3.684
14,2,175.841,178.856,-3.015
14,3,176.484,179.706,-3.222
14,4,177.041,179.374,-2.333
14,5,173.891,178.602,-4.711
14,6,174.069,179.337,-5.268
14,7,173.726,179.682,-5.956
14,8,175.022,174.238,0.784
15,0,179.596,173.81,5.786
15,1,179.787,176.71,3.077
15,2,179.787,177.972,1.815
15,3,179.233,178.047,1.186
15,4,178.406,176.676,1.73
15,5,178.848,176.358,2.49
15,6,178.717,177.256,1.461
15,7,179.479,176.682,2.797
15,8,179.549,177.628,1.921
15,9,177.775,178.212,-0.437
16,0,174.73,170.458,4.272
16,1,174.7,175.265,-0.565
16,2,174.255,178.625,-4.37
16,3,175.666,178.843,-3.177
16,4,177.448,178.733,-1.285
16,5,177.418,178.432,-1.014
16,6,177.124,178.225,-1.101
16,7,177.107,178.316,-1.209
16,8,176.147,179.361,-3.214
16,9,175.766,179.927,-4.161
17,0,176.003,174.359,1.644
17,1,178.69,175.76,2.93
17,2,178.727,178.753,-0.026
17,3,177.494,179.881,-2.387
17,4,179.275,178.845,0.43
17,5,179.857,178.619,1.238
17,6,178.531,179.75,-1.219
17,7,178.35,179.303,-0.953
18,0,178.44,179.227,-0.787
18,1,179.042,179.019,0.023
18,2,179.394,179.007,0.387
18,3,178.128,179.152,-1.024
18,4,176.739,178.339,-1.6
18,5,178.694,178.995,-0.301
18,6,178.975,179.796,-0.821
18,7,178.81,179.338,-0.528
19,0,165.56,172.392,-6.832
19,1,166.216,173.156,-6.94
19,2,166.309,173.763,-7.454
19,3,169.882,175.967,-6.085
19,4,172.359,177.675,-5.316
19,5,174.954,178.106,-3.152
19,6,173.635,178.733,-5.098
19,7,173.062,179.648,-6.586
19,8,172.626,178.792,-6.166
20,0,174.134,178.293,-4.159
20,1,175.294,178.897,-3.603
20,2,174.888,179.054,-4.166
20,3,174.825,179.985,-5.16
20,4,173.764,179.848,-6.084
20,5,173.092,177.819,-4.727
20,6,172.62,175.218,-2.598
20,7,175.518,173.272,2.246
21,0,167.72,173.966,-6.246
21,1,168.934,176.747,-7.813
21,2,170.96,177.689,-6.729
21,3,173.509,177.334,-3.825
21,4,176.556,178.465,-1.909
21,5,175.691,179.797,-4.106
21,6,173.382,178.88,-5.498
21,7,173.648,175.941,-2.293
22,0,179.578,176.571,3.007
22,1,179.499,176.267,3.232
22,2,178.023,173.308,4.715
22,3,175.213,172.546,2.667
22,4,175.074,172.301,2.773
22,5,176.202,172.852,3.35
22,6,175.277,173.389,1.888
23,0,176.436,179.068,-2.632
23,1,176.195,179.604,-3.409
23,2,177.48,179.31,-1.83
23,3,179.487,179.327,0.16
23,4,179.592,179.795,-0.203
23,5,177.812,179.923,-2.111
23,6,179.362,179.318,0.044
23,7,178.415,179.8,-1.385
23,8,177.674,177.888,-0.214
24,0,174.068,154.639,19.429
24,1,178.727,168.561,10.166
24,2,177.798,177.365,0.433
24,3,174.857,175.724,-0.867
24,4,166.142,168.106,-1.964
24,5,164.577,163.087,1.49
24,6,165.673,160.121,5.552
24,7,163.022,159.053,3.969
24,8,167.293,162.184,5.109
24,9,173.84,164.688,9.152
24,10,175.223,169.647,5.576
24,11,176.849,173.039,3.81
24,12,178.76,178.238,0.522
24,13,175.783,172.621,3.162
25,0,176.389,178.319,-1.93
25,1,174.73,166.601,8.129
25,2,167.914,151.931,15.983
25,3,162.859,155.903,6.956
25,4,168.044,154.862,13.182
25,5,166.647,157.499,9.148
25,6,167.488,163.515,3.973
25,7,171.977,166.376,5.601
25,8,173.546,163.778,9.768
25,9,178.261,166.426,11.835
25,10,177.148,174.058,3.09
25,11,175.325,174.227,1.098
25,12,176.515,179.633,-3.118
25,13,175.412,176.612,-1.2
25,14,176.302,176.78,-0.478
25,15,174.615,174.124,0.491
25,16,179.017,175.454,3.563
26,0,179.346,156.169,23.177
26,1,176.092,156.096,19.996
26,2,173.047,155.589,17.458
26,3,167.022,149.04,17.982
26,4,164.328,151.193,13.135
26,5,165.291,151.484,13.807
26,6,166.738,153.941,12.797
26,7,176.366,159.432,16.934
26,8,176.517,167.68,8.837
26,9,173.136,178.856,-5.72
26,10,172.141,165.144,6.997
26,11,175.422,168.235,7.187
26,12,175.433,168.727,6.706
26,13,172.429,158.267,14.162
26,14,169.476,178.687,-9.211
26,15,169.026,160.56,8.466
26,16,164.311,153.906,10.405
27,0,171.705,169.991,1.714
27,1,165.077,157.174,7.903
27,2,162.852,148.907,13.945
27,3,161.272,148.931,12.341
27,4,160.421,151.42,9.001
27,5,158.855,149.972,8.883
27,6,160.064,151.046,9.018
27,7,165.887,153.957,11.93
27,8,170.122,157.562,12.56
27,9,175.825,160.892,14.933
27,10,179.839,170.26,9.579
27,11,177.46,175.973,1.487
27,12,165.277,170.268,-4.991
27,13,165.61,157.378,8.232
28,0,168.179,156.14,12.039
28,1,163.708,146.853,16.855
28,2,166.461,145.549,20.912
28,3,166.729,149.713,17.016
28,4,169.185,153.39,15.795
28,5,168.006,158.999,9.007
28,6,171.067,164.811,6.256
28,7,174.092,156.023,18.069
28,8,176.851,164.493,12.358
28,9,177.938,174.376,3.562
28,10,178.841,177.639,1.202
28,11,179.312,175.707,3.605
28,12,179.701,176.46,3.241
28,13,179.558,174.549,5.009
28,14,176.528,173.329,3.199
28,15,175.516,173.041,2.475
28,16,172.245,172.332,-0.087
28,17,173.083,168.825,4.258
28,18,170.95,169.691,1.259
29,0,175.653,169.56,6.093
29,1,171.652,160.611,11.041
29,2,166.144,161.652,4.492
29,3,168.343,160.947,7.396
29,4,164.711,158.022,6.689
29,5,165.421,156.387,9.034
29,6,167.791,156.485,11.306
29,7,173.699,158.855,14.844
29,8,179.207,164.853,14.354
29,9,177.129,168.965,8.164
29,10,175.701,177.42,-1.719
29,11,172.787,176.315,-3.528
29,12,166.275,166.553,-0.278
29,13,158.659,148.667,9.992
29,14,144.217,141.506,2.711
30,0,164.656,161.517,3.139
30,1,162.493,152.317,10.176
30,2,163.587,161.765,1.822
30,3,164.273,163.382,0.891
30,4,167.58,160.714,6.866
30,5,168.84,161.226,7.614
30,6,172.744,163.606,9.138
30,7,173.553,167.823,5.73
30,8,176.861,177.603,-0.742
30,9,173.129,178.947,-5.818
30,10,174.096,175.732,-1.636
30,11,176.121,173.673,2.448
30,12,177.152,173.668,3.484
31,0,177.468,161.406,16.062
31,1,173.64,172.027,1.613
31,2,171.099,158.135,12.964
31,3,169.67,164.204,5.466
31,4,170.694,164.375,6.319
31,5,168.982,165.678,3.304
31,6,170.734,167.95,2.784
31,7,173.013,170.713,2.3
31,8,176.256,172.475,3.781
31,9,179.774,173.264,6.51
31,10,179.38,178.171,1.209
31,11,178.483,176.728,1.755
31,12,173.702,166.508,7.194
31,13,169.201,159.815,9.386
31,14,162.81,151.996,10.814
32,0,161.248,165.704,-4.456
32,1,161.93,158.389,3.541
32,2,161.623,151.882,9.741
32,3,159.72,145.23,14.49
32,4,161.24,149.868,11.372
32,5,163.49,152.225,11.265
32,6,167.374,164.065,3.309
32,7,173.68,170.831,2.849
32,8,174.851,165.899,8.952
32,9,175.436,172.784,2.652
32,10,175.868,161.921,13.947
32,11,174.107,154.869,19.238
33,0,179.493,164.217,15.276
33,1,177.076,175.799,1.277
33,2,167.576,174.455,-6.879
33,3,170.374,174.43,-4.056
33,4,168.176,169.756,-1.58
33,5,164.785,153.793,10.992
33,6,167.456,155.914,11.542
33,7,169.454,156.138,13.316
33,8,175.773,161.68,14.093
33,9,178.931,165.164,13.767
33,10,179.431,174.642,4.789
33,11,177.074,170.306,6.768
33,12,174.202,163.996,10.206
33,13,173.521,162.015,11.506
33,14,165.626,159.879,5.747
34,0,164.123,158.557,5.566
34,1,161.988,150.952,11.036
34,2,159.693,150.826,8.867
34,3,156.94,151.382,5.558
34,4,159.072,150.39,8.682
34,5,159.536,151.322,8.214
34,6,164.443,153.461,10.982
34,7,169.507,156.653,12.854
34,8,174.113,160.696,13.417
34,9,175.021,171.043,3.978
34,10,177.012,170.363,6.649
34,11,177.372,174.496,2.876
34,12,173.107,169.67,3.437
34,13,164.299,160.172,4.127
34,14,159.587,149.838,9.749
34,15,155.751,146.443,9.308
35,0,168.866,168.43,0.436
35,1,168.144,164.62,3.524
35,2,167.612,153.62,13.992
35,3,170.625,151.96,18.665
35,4,168.171,150.558,17.613
35,5,173.362,150.634,22.728
35,6,175.619,160.702,14.917
35,7,177.525,168.217,9.308
35,8,179.375,174.686,4.689
35,9,177.356,175.65,1.706
35,10,172.762,169.132,3.63
35,11,165.254,160.412,4.842
35,12,152.207,155.412,-3.205
36,0,178.321,146.8,31.521
36,1,170.677,150.831,19.846
36,2,165.075,154.842,10.233
36,3,167.09,161.915,5.175
36,4,166.763,165.226,1.537
36,5,169.777,165.002,4.775
36,6,171.325,164.072,7.253
36,7,179.896,172.092,7.804
36,8,176.792,171.977,4.815
36,9,175.774,178.056,-2.282
36,10,171.736,170.161,1.575
36,11,166.42,156.111,10.309
38,0,163.11,169.482,-6.372
38,1,161.116,166.293,-5.177
38,2,160.697,163.441,-2.744
38,3,155.386,155.664,-0.278
38,4,154.136,157.416,-3.28
38,5,156.582,160.198,-3.616
38,6,161.025,159.466,1.559
38,7,165.236,161.988,3.248
38,8,167.748,170.488,-2.74
38,9,174.086,177.637,-3.551
38,10,176.388,174.028,2.36
38,11,179.021,162.948,16.073
38,12,167.469,153.327,14.142
39,0,176.304,172.977,3.327
39,1,178.458,175.411,3.047
39,2,177.513,178.044,-0.531
39,3,176.064,175.959,0.105
39,4,174.181,173.746,0.435
39,5,176.558,170.78,5.778
39,6,171.615,166.881,4.734
39,7,168.597,163.233,5.364
39,8,166.594,162.134,4.46
39,9,166.712,160.643,6.069
39,10,166.745,160.993,5.752
39,11,165.708,161.9,3.808
40,0,172.501,168.309,4.192
40,1,174.121,172.517,1.604
40,2,175.073,176.714,-1.641
40,3,177.105,174.861,2.244
40,4,177.116,174.028,3.088
40,5,174.832,172.874,1.958
40,6,172.882,170.285,2.597
40,7,171.506,168.633,2.873
40,8,172.295,167.715,4.58
40,9,172.669,169.321,3.348
40,10,173.329,174.044,-0.715
41,0,176.584,167.729,8.855
41,1,178.68,171.447,7.233
41,2,177.369,173.439,3.93
41,3,179.208,179.751,-0.543
41,4,178.482,179.355,-0.873
41,5,179.052,179.995,-0.943
41,6,179.56,178.896,0.664
41,7,179.921,177.958,1.963
41,8,179.23,176.784,2.446
41,9,178.643,176.509,2.134
41,10,178.474,178.533,-0.059
41,11,175.4,179.127,-3.727
41,12,174.784,177.845,-3.061
42,0,176.198,169.438,6.76
42,1,177.51,169.118,8.392
42,2,174.849,167.974,6.875
42,3,171.689,167.595,4.094
42,4,171.808,167.411,4.397
42,5,172.67,167.659,5.011
42,6,172.594,168.322,4.272
42,7,173.723,171.451,2.272
42,8,174.144,176.024,-1.88
43,0,173.387,170.478,2.909
43,1,179.702,166.884,12.818
43,2,179.976,175.261,4.715
43,3,179.727,176.588,3.139
43,4,178.549,175.974,2.575
43,5,179.391,176.556,2.835
43,6,178.626,175.611,3.015
43,7,178.732,174.906,3.826
43,8,179.061,175.004,4.057
43,9,178.207,175.226,2.981
43,10,177.444,177.132,0.312
43,11,176.543,176.172,0.371
43,12,174.116,178.741,-4.625
45,1,170.293,176.776,-6.483
45,2,171.444,173.81,-2.366
45,3,172.907,168.669,4.238
45,4,171.061,166.463,4.598
45,5,173.213,165.401,7.812
45,6,175.354,167.932,7.422
45,7,175.913,169.464,6.449
45,8,176.566,169.717,6.849
45,9,174.726,170.24,4.486
46,1,175.36,173.121,2.239
46,2,173.634,170.956,2.678
46,3,172.546,171.92,0.626
46,4,171.658,170.188,1.47
46,5,175.541,169.133,6.408
46,6,175.862,168.945,6.917
46,7,176.472,168.873,7.599
46,8,179.013,171.249,7.764
46,9,178.99,173.407,5.583
46,10,178.264,174.668,3.596
46,11,177.354,178.92,-1.566
47,0,176.236,170.649,5.587
47,1,173.589,168.214,5.375
47,2,170.399,172.342,-1.943
47,3,172.185,170.124,2.061
47,4,173.831,169.278,4.553
47,5,175.959,168.836,7.123
47,6,176.19,169.569,6.621
47,7,177.687,169.983,7.704
47,8,179.616,171.975,7.641
47,9,178.044,173.609,4.435
47,10,177.541,176.803,0.738
47,11,176.765,177.246,-0.481
47,12,176.338,178.611,-2.273
48,0,169.924,171.521,-1.597
48,1,172.163,172.032,0.131
48,2,171.631,171.764,-0.133
48,3,174.881,170.945,3.936
48,4,173.076,170.151,2.925
48,5,173.554,169.416,4.138
48,6,174.91,170.34,4.57
48,7,174.148,170.373,3.775
48,8,177.876,171.757,6.119
49,0,162.276,179.032,-16.756
49,1,158.531,171.935,-13.404
49,2,154.657,163.705,-9.048
49,3,152.815,163.435,-10.62
49,4,153.702,163.163,-9.461
49,5,155.472,159.144,-3.672
49,6,154.065,157.069,-3.004
49,7,153.884,155.986,-2.102
49,8,150.278,153.673,-3.395
49,9,144.159,133.62,10.539
49,10,149.96,147.264,2.696
49,11,144.024,154.872,-10.848
50,0,162.715,174.896,-12.181
50,1,162.813,169.959,-7.146
50,2,158.523,166.086,-7.563
50,3,152.716,165.486,-12.77
50,4,154.352,161.2,-6.848
50,5,153.602,155.137,-1.535
50,6,155.975,156.727,-0.752
50,7,154.801,160.178,-5.377
50,8,154.88,163.706,-8.826
50,9,152.611,156.807,-4.196
50,10,148.568,166.523,-17.955
50,11,140.509,152.412,-11.903
50,12,144.161,150.62,-6.459
51,0,166.592,170.231,-3.639
51,1,159.023,167.09,-8.067
51,2,154.379,168.088,-13.709
51,3,147.828,161.284,-13.456
51,4,147.545,156.67,-9.125
51,5,150.483,155.641,-5.158
51,6,151.031,158.9,-7.869
51,7,150.567,162.716,-12.149
51,8,149.894,166.17,-16.276
51,9,145.802,156.614,-10.812
51,10,139.765,153.193,-13.428
51,11,136.391,156.027,-19.636
52,0,161.271,170.983,-9.712
52,1,156.718,167.814,-11.096
52,2,156.883,155.65,1.233
52,3,154.476,162.78,-8.304
52,4,153.668,163.579,-9.911
52,5,154.282,160.864,-6.582
52,6,155.758,159.805,-4.047
52,7,156.766,161.649,-4.883
52,8,151.865,155.043,-3.178
52,9,145.014,154.287,-9.273
52,10,141.749,152.477,-10.728
53,0,166.518,173.984,-7.466
53,1,162.334,175.361,-13.027
53,2,152.217,179.305,-27.088
53,3,149.592,171.001,-21.409
53,4,147.836,161.495,-13.659
53,5,152.743,159.393,-6.65
53,6,154.772,161.767,-6.995
53,7,156.713,164.301,-7.588
53,8,155.513,165.419,-9.906
53,9,152.344,161.265,-8.921
53,10,150.965,160.741,-9.776
53,11,144.953,165.155,-20.202
54,0,172.454,178.869,-6.415
54,1,163.102,173.793,-10.691
54,2,158.479,165.683,-7.204
54,3,157.275,171.504,-14.229
54,4,157.928,168.548,-10.62
54,5,160.521,162.69,-2.169
54,6,160.897,164.818,-3.921
54,7,159.333,162.722,-3.389
54,8,155.275,162.765,-7.49
54,9,155.359,160.497,-5.138
54,10,152.075,155.934,-3.859
54,11,148.164,158.489,-10.325
55,0,167.035,167.871,-0.836
55,1,164.408,165.14,-0.732
55,2,160.631,169.884,-9.253
55,3,153.589,168.835,-15.246
55,4,155.28,162.104,-6.824
55,5,156.943,162.604,-5.661
55,6,160.313,167.232,-6.919
55,7,162.583,169.624,-7.041
55,8,161.151,170.948,-9.797
55,9,160.865,169.975,-9.11
55,10,160.754,168.946,-8.192
55,11,163.822,174.848,-11.026
56,0,165.762,167.188,-1.426
56,1,164.298,163.163,1.135
56,2,163.561,166.046,-2.485
56,3,158.668,170.372,-11.704
56,4,158.135,170.727,-12.592
56,5,153.744,170.23,-16.486
56,6,155.104,170.539,-15.435
56,7,155.614,167.312,-11.698
56,8,156.932,160.051,-3.119
56,9,158.131,162.51,-4.379
56,10,159.532,163.093,-3.561
56,11,161.846,163.922,-2.076
57,0,161.534,162.641,-1.107
57,1,157.909,165.737,-7.828
57,2,156.952,168.81,-11.858
57,3,157.773,172.651,-14.878
57,4,157.533,177.166,-19.633
57,5,161.201,175.431,-14.23
57,6,165.7,172.438,-6.738
57,7,168.27,170.291,-2.021
57,8,168.417,169.275,-0.858
57,9,167.43,162.005,5.425
58,0,160.112,172.308,-12.196
58,1,155.688,171.797,-16.109
58,2,156.706,170.012,-13.306
58,3,155.236,166.932,-11.696
58,4,159.749,162.399,-2.65
58,5,160.474,164.738,-4.264
58,6,161.647,166.222,-4.575
58,7,160.997,167.81,-6.813
58,8,159.465,152.709,6.756
58,9,154.745,170.0,-15.255
58,10,146.705,161.31,-14.605
58,11,140.127,175.748,-35.621
59,0,164.564,175.998,-11.434
59,1,164.214,174.856,-10.642
59,2,161.818,173.629,-11.811
59,3,159.977,168.685,-8.708
59,4,161.178,169.348,-8.17
59,5,163.337,171.118,-7.781
59,6,162.588,171.169,-8.581
59,7,154.305,166.583,-12.278
59,8,151.358,155.616,-4.258
59,9,148.981,167.372,-18.391
59,10,148.049,174.898,-26.849
60,0,178.598,178.509,0.089
60,1,160.28,177.356,-17.076
60,2,161.51,176.841,-15.331
60,3,161.133,173.001,-11.868
60,4,159.937,175.947,-16.01
60,5,158.418,169.527,-11.109
60,6,159.729,165.753,-6.024
60,7,156.447,170.738,-14.291
60,8,158.604,170.913,-12.309
60,9,155.722,167.54,-11.818
60,10,154.029,165.518,-11.489
60,11,148.513,170.034,-21.521
62,0,163.061,152.453,10.608
62,1,163.981,155.639,8.342
62,2,166.708,161.68,5.028
62,3,169.9,165.155,4.745
62,4,172.317,165.897,6.42
62,5,174.455,170.371,4.084
62,6,177.22,173.444,3.776
62,7,177.565,174.538,3.027
62,8,177.179,175.459,1.72
62,9,174.099,174.349,-0.25
63,0,173.171,161.789,11.382
63,1,175.522,161.635,13.887
63,2,175.726,163.487,12.239
63,3,176.64,164.575,12.065
63,4,176.787,169.257,7.53
63,5,177.136,172.091,5.045
63,6,176.727,174.05,2.677
63,7,175.991,177.411,-1.42
63,8,175.308,178.012,-2.704
64,1,171.817,169.446,2.371
64,2,174.113,164.682,9.431
64,3,177.389,161.751,15.638
64,4,179.998,164.864,15.134
64,5,178.923,168.219,10.704
64,6,178.011,169.938,8.073
64,7,179.604,170.962,8.642
64,8,177.953,173.409,4.544
64,9,175.698,173.859,1.839
64,10,176.709,175.127,1.582
64,11,177.013,174.245,2.768
65,0,160.771,159.5,1.271
65,1,163.87,157.39,6.48
65,2,165.296,159.558,5.738
65,3,166.784,160.1,6.684
65,4,169.246,162.552,6.694
65,5,168.273,163.875,4.398
65,6,168.475,168.162,0.313
65,7,169.114,169.208,-0.094
65,8,168.541,170.021,-1.48
65,9,169.594,169.321,0.273
65,10,167.199,169.423,-2.224
66,0,164.726,168.126,-3.4
66,1,160.295,169.205,-8.91
66,2,161.264,167.943,-6.679
66,3,165.125,164.796,0.329
66,4,167.189,163.005,4.184
66,5,170.89,165.549,5.341
66,6,175.94,167.533,8.407
66,7,178.668,168.44,10.228
66,8,179.829,171.717,8.112
66,9,178.498,173.324,5.174
66,10,176.613,175.862,0.751
66,11,178.919,176.584,2.335
68,0,168.216,170.336,-2.12
68,1,162.828,167.922,-5.094
68,2,161.999,165.461,-3.462
68,3,161.823,155.281,6.542
68,4,164.22,160.774,3.446
68,5,166.085,161.702,4.383
68,6,169.946,165.256,4.69
68,7,170.432,166.839,3.593
68,8,171.918,168.84,3.078
68,9,175.122,172.495,2.627
68,10,174.327,173.316,1.011
70,0,175.949,178.929,-2.98
70,1,173.203,179.403,-6.2
70,2,173.641,179.601,-5.96
70,3,169.925,177.923,-7.998
70,4,169.106,175.29,-6.184
70,5,167.169,172.447,-5.278
70,6,166.836,170.961,-4.125
70,7,165.01,166.901,-1.891
70,8,166.429,165.574,0.855
70,9,165.224,165.474,-0.25
71,1,177.848,178.46,-0.612
71,2,178.479,176.592,1.887
71,3,177.167,175.962,1.205
71,4,177.283,176.206,1.077
71,5,174.703,176.964,-2.261
71,6,172.706,177.693,-4.987
71,7,171.476,179.693,-8.217
71,8,170.984,177.545,-6.561
71,9,173.069,176.476,-3.407
71,10,172.679,177.867,-5.188
71,11,174.964,179.375,-4.411
72,0,169.113,170.664,-1.551
72,1,171.937,169.546,2.391
72,2,171.773,172.894,-1.121
72,3,179.738,174.322,5.416
72,4,177.793,175.966,1.827
72,5,176.262,176.819,-0.557
72,6,170.827,179.621,-8.794
72,7,168.584,177.498,-8.914
72,8,168.388,174.46,-6.072
72,9,165.57,172.596,-7.026
72,10,168.03,171.532,-3.502
72,11,167.97,170.98,-3.01
73,0,177.538,169.491,8.047
73,1,176.575,176.811,-0.236
73,2,173.174,179.733,-6.559
73,3,172.074,177.85,-5.776
73,4,173.253,173.42,-0.167
73,5,171.433,170.767,0.666
73,6,169.883,169.489,0.394
73,7,169.223,170.274,-1.051
73,8,169.457,170.08,-0.623
73,9,168.165,170.219,-2.054
73,10,170.9,178.385,-7.485
73,11,175.999,178.385,-2.386
74,0,172.8,47.308,125.492
74,1,171.739,37.252,134.487
74,2,168.866,27.336,141.53
74,3,163.187,39.545,123.642
74,4,161.926,38.329,123.597
74,5,163.215,114.317,48.898
74,6,163.124,153.872,9.252
74,7,166.521,161.475,5.046
74,8,168.438,169.974,-1.536
74,9,171.447,174.867,-3.42
74,10,175.824,177.495,-1.671
74,11,177.02,179.505,-2.485
74,12,177.364,179.346,-1.982
74,13,173.16,179.532,-6.372
78,0,159.417,170.029,-10.612
78,1,157.644,169.757,-12.113
78,2,153.65,171.782,-18.132
78,3,157.768,169.692,-11.924
78,4,158.77,165.859,-7.089
78,5,160.336,168.974,-8.638
78,6,163.399,164.775,-1.376
78,7,167.324,166.462,0.862
78,8,168.009,170.966,-2.957
78,9,170.283,174.419,-4.136
78,10,170.17,175.794,-5.624
78,11,172.881,175.269,-2.388
78,12,171.844,175.411,-3.567
78,13,170.58,174.649,-4.069
78,14,167.896,175.093,-7.197
83,0,166.715,163.78,2.935
83,1,167.412,163.455,3.957
83,2,170.624,165.28,5.344
83,3,172.85,169.172,3.678
83,4,174.087,173.139,0.948
83,5,176.679,176.409,0.27
83,6,176.527,177.06,-0.533
83,7,176.436,177.389,-0.953
83,8,178.55,177.91,0.64
84,0,166.977,159.0,7.977
84,1,157.371,156.242,1.129
84,2,155.691,157.304,-1.613
84,3,155.156,157.885,-2.729
84,4,159.046,157.039,2.007
84,5,162.27,144.673,17.597
84,6,163.573,172.46,-8.887
84,7,164.535,171.854,-7.319
84,8,166.218,169.847,-3.629
84,9,165.261,167.698,-2.437
84,10,165.132,167.848,-2.716
84,11,165.599,168.36,-2.761
84,12,161.464,169.525,-8.061
85,0,158.957,160.34,-1.383
85,1,153.417,154.754,-1.337
85,2,156.09,154.649,1.441
85,3,157.651,156.52,1.131
85,4,158.566,157.587,0.979
85,5,160.005,158.773,1.232
85,6,162.218,159.604,2.614
85,7,163.557,160.5,3.057
85,8,163.978,161.194,2.784
85,9,162.763,161.697,1.066
86,1,161.426,163.48,-2.054
86,2,158.306,161.768,-3.462
86,3,158.489,160.78,-2.291
86,4,158.499,159.995,-1.496
86,5,158.496,159.292,-0.796
86,6,160.217,158.509,1.708
86,7,158.592,157.283,1.309
86,8,160.691,158.608,2.083
87,1,162.048,166.152,-4.104
87,2,160.805,164.121,-3.316
87,3,160.734,164.16,-3.426
87,4,162.006,163.774,-1.768
87,5,162.707,162.125,0.582
87,6,161.672,162.265,-0.593
87,7,164.612,162.648,1.964
87,8,165.81,164.938,0.872
88,2,158.332,164.613,-6.281
88,3,157.343,160.606,-3.263
88,4,158.467,158.821,-0.354
88,5,158.427,157.677,0.75
88,6,158.955,158.81,0.145
88,7,159.831,160.03,-0.199
89,2,160.675,159.912,0.763
89,3,160.001,158.957,1.044
89,4,158.657,158.138,0.519
89,5,158.376,156.721,1.655
89,6,157.63,157.501,0.129
90,0,169.886,162.888,6.998
90,1,167.234,155.552,11.682
90,2,164.591,147.68,16.911
90,3,166.393,156.989,9.404
90,4,165.836,159.375,6.461
90,5,165.5,162.928,2.572
90,6,165.057,165.428,-0.371
90,7,165.859,167.272,-1.413
90,8,164.731,166.644,-1.913
90,9,168.216,166.56,1.656
91,2,162.388,158.795,3.593
91,3,159.803,159.099,0.704
91,4,160.471,159.178,1.293
91,5,163.782,159.262,4.52
91,6,165.031,162.847,2.184
91,7,165.83,163.713,2.117
91,8,166.895,164.456,2.439
92,3,157.922,154.998,2.924
92,4,156.991,153.743,3.248
92,5,156.255,153.303,2.952
93,3,166.346,156.188,10.158
93,4,164.777,159.014,5.763
93,5,166.209,160.799,5.41
93,6,165.977,162.227,3.75
93,7,164.932,161.606,3.326
93,8,164.449,161.533,2.916
94,2,159.646,161.103,-1.457
94,3,158.115,158.314,-0.199
94,4,160.108,157.327,2.781
94,5,161.653,157.668,3.985
94,6,162.449,159.423,3.026
94,7,163.238,160.66,2.578
95,0,166.363,159.716,6.647
95,1,163.095,153.615,9.48
95,2,161.286,156.612,4.674
95,3,160.985,157.947,3.038
95,4,161.879,159.515,2.364
95,5,161.665,160.865,0.8
95,6,165.238,165.396,-0.158
95,7,164.556,163.971,0.585
95,8,165.787,164.292,1.495
95,9,168.269,164.277,3.992
95,10,169.196,167.659,1.537
96,2,165.723,167.049,-1.326
96,3,165.951,161.755,4.196
96,4,165.715,161.453,4.262
96,5,163.89,158.728,5.162
96,6,162.934,161.019,1.915
96,7,162.934,160.602,2.332
96,8,165.366,161.148,4.218
96,9,165.849,162.482,3.367
97,0,166.343,156.44,9.903
97,1,162.094,158.574,3.52
97,2,162.935,160.461,2.474
97,3,163.636,161.136,2.5
97,4,163.451,162.038,1.413
97,5,165.806,161.07,4.736
97,6,165.318,161.842,3.476
97,7,165.84,163.134,2.706
97,8,166.234,164.196,2.038
97,9,164.97,164.424,0.546
97,10,166.821,166.966,-0.145
98,3,163.424,156.838,6.586
98,4,163.382,159.469,3.913
98,5,164.792,160.496,4.296
98,6,164.157,160.578,3.579
98,7,165.843,161.175,4.668
98,8,166.877,161.42,5.457
98,9,169.496,163.218,6.278
99,1,167.084,163.849,3.235
99,2,165.825,162.473,3.352
99,3,166.112,160.671,5.441
99,4,166.576,158.993,7.583
99,5,165.02,158.845,6.175
99,6,163.734,156.872,6.862
99,7,163.651,157.339,6.312
99,8,166.972,159.106,7.866
